Item Title,Publication Title,Book Series Title,Journal Volume,Journal Issue,Item DOI,Authors,Publication Year,URL,Content Type
Fault tolerant file models for parallel file systems: introducing distribution patterns for every file,The Journal of Supercomputing,,47,3,10.1007/s11227-008-0199-8,A. CalderónF. García-CarballeiraL. M. SánchezJ. D. GarcíaJ. Fernandez,2009,http://link.springer.com/article/10.1007/s11227-008-0199-8,Article
A Rule-Based System Implementing a Method for Translating FOL Formulas into NL Sentences,Rule Interchange and Applications,,,,10.1007/978-3-642-04985-9_17,Aikaterini MpagouliIoannis Hatzilygeroudis,2009,http://link.springer.com/chapter/10.1007/978-3-642-04985-9_17,Chapter
A Riemannian Scalar Measure for Diffusion Tensor Images,Computer Analysis of Images and Patterns,,,,10.1007/978-3-642-03767-2_51,Andrea FusterLaura AstolaLuc Florack,2009,http://link.springer.com/chapter/10.1007/978-3-642-03767-2_51,Chapter
Performance evaluation of a discovery and scheduling protocol for multihop ad hoc mobile grids,Journal of the Brazilian Computer Society,,15,4,10.1007/BF03194510,Antônio Tadeu Azevedo GomesArtur ZivianiLuciana dos Santos LimaMarkus Endler,2009,http://link.springer.com/article/10.1007/BF03194510,Article
Printing in Ubiquitous Computing Environments,Ubiquitous Intelligence and Computing,,,,10.1007/978-3-642-02830-4_8,Athanasios KarapantelakisAlisa DevlicMohammad ZarifySaltanat Khamit,2009,http://link.springer.com/chapter/10.1007/978-3-642-02830-4_8,Chapter
"Multi-tiered S-SOA, Parameter-Driven New Islamic Syariah Products of Holistic Islamic Banking System (HiCORE): Virtual Banking Environment",Visual Informatics: Bridging Research and Practice,,,,10.1007/978-3-642-05036-7_28,B. Z. HalimahA. AzlinaT. M. SembokI. SufianM. N. Sharul AzmanA. B. AzuralizaA. O. ZulaihaO. NazliaA. SalwaniA. SanepM. T. HailaniM. Z. ZaherJ. AzizahM. Y. Nor FaezahW. O. ChooChew Abdullah,2009,http://link.springer.com/chapter/10.1007/978-3-642-05036-7_28,Chapter
Security Authentication for U-Health Application Services,Communication and Networking,,,,10.1007/978-3-642-10844-0_3,Byeong Ho AhnJinkeun HongDonghoon Lee,2009,http://link.springer.com/chapter/10.1007/978-3-642-10844-0_3,Chapter
iPhone,Enterprise Mac Administrator’s Guide,,,,10.1007/978-1-4302-2444-0_10,Charles S. Edge Jr.Beau HunterZack Smith,2009,http://link.springer.com/chapter/10.1007/978-1-4302-2444-0_10,Chapter
Implementation of Virtualization Oriented Architecture: A Healthcare Industry Case Study,IT Revolutions,,,,10.1007/978-3-642-03978-2_3,G Subrahmanya VRK RaoJinka ParthasarathiSundararaman KarthikGVN Appa RaoSuresh Ganesan,2009,http://link.springer.com/chapter/10.1007/978-3-642-03978-2_3,Chapter
When Compromised Readers Meet RFID,Information Security Applications,,,,10.1007/978-3-642-10838-9_4,Gildas AvoineCédric LauradouxTania Martin,2009,http://link.springer.com/chapter/10.1007/978-3-642-10838-9_4,Chapter
DETERMINATION OF IRON IN MILK POWDERMICROWAVE DIGESTION AND FLAME ATOMICABSORPTION SPECTROPHOTOMETRY,"Computer and Computing Technologies in Agriculture II, Volume 3",,,,10.1007/978-1-4419-0213-9_13,Guangyuan ZhaoBo Li,2009,http://link.springer.com/chapter/10.1007/978-1-4419-0213-9_13,Chapter
Optimal inter-object correlation when replicating for availability,Distributed Computing,,21,5,10.1007/s00446-008-0072-2,Haifeng YuPhillip B. Gibbons,2009,http://link.springer.com/article/10.1007/s00446-008-0072-2,Article
SocioNet: A Context-Aware Approach for Lowering the Communication Barrier,On the Move to Meaningful Internet Systems: OTM 2009 Workshops,,,,10.1007/978-3-642-05290-3_57,Igor PernekKarin Anna Hummel,2009,http://link.springer.com/chapter/10.1007/978-3-642-05290-3_57,Chapter
Security Issues for P2P-Based Voice- and Video-Streaming Applications,iNetSec 2009 – Open Research Problems in Network Security,,,,10.1007/978-3-642-05437-2_10,Jan Seedorf,2009,http://link.springer.com/chapter/10.1007/978-3-642-05437-2_10,Chapter
Kurt Lewin,Systems Thinkers,,,,10.1007/978-1-84882-525-3_27,Magnus RamageKaren Shipp,2009,http://link.springer.com/chapter/10.1007/978-1-84882-525-3_27,Chapter
A Multicast-Based Enterprise VoIP Service Architecture: MEVA,Future Multimedia Networking,,,,10.1007/978-3-642-02472-6_4,Mohamed Boucadair,2009,http://link.springer.com/chapter/10.1007/978-3-642-02472-6_4,Chapter
Fuzzy Dependencies between Preparedness and Learning Outcome,Artificial Intelligence Applications and Innovations III,,,,10.1007/978-1-4419-0221-4_63,S. EnchevaS. Tumin,2009,http://link.springer.com/chapter/10.1007/978-1-4419-0221-4_63,Chapter
Effectiveness of Business Alliances Partnerships,New Directions in Intelligent Interactive Multimedia Systems and Services - 2,,,,10.1007/978-3-642-02937-0_5,Sylvia EnchevaSharil Tumin,2009,http://link.springer.com/chapter/10.1007/978-3-642-02937-0_5,Chapter
High Frequency Assessment from Multiresolution Analysis,Computational Science – ICCS 2009,,,,10.1007/978-3-642-01970-8_42,Tássio Knop de CastroEder de Almeida PerezVirgínia Fernandes MotaAlexandre ChapiroMarcelo Bernardes VieiraWilhelm Passarella Freire,2009,http://link.springer.com/chapter/10.1007/978-3-642-01970-8_42,Chapter
SelectAudit: A Secure and Efficient Audit Framework for Networked Virtual Environments,"Collaborative Computing: Networking, Applications and Worksharing",,,,10.1007/978-3-642-03354-4_16,Tuan PhanDanfeng (Daphne) Yao,2009,http://link.springer.com/chapter/10.1007/978-3-642-03354-4_16,Chapter
Flexibility as a Service,Database Systems for Advanced Applications,,,,10.1007/978-3-642-04205-8_27,W. M. P. van der AalstM. AdamsA. H. M. ter HofstedeM. PesicH. Schonenberg,2009,http://link.springer.com/chapter/10.1007/978-3-642-04205-8_27,Chapter
Improving Data Availability for Better Access Performance: A Study on Caching Scientific Data on Distributed Desktop Workstations,Journal of Grid Computing,,7,4,10.1007/s10723-009-9122-7,Xiaosong MaSudharshan S. VazhkudaiZhe Zhang,2009,http://link.springer.com/article/10.1007/s10723-009-9122-7,Article
Introducing OSGi,Pro Spring Dynamic Modules for OSGi™ Service Platforms,,,,10.1007/978-1-4302-1613-1_1,,2009,http://link.springer.com/chapter/10.1007/978-1-4302-1613-1_1,Chapter
"A Taxonomy, Survey, and Issues of Cloud Computing Ecosystems",Cloud Computing,,,,10.1007/978-1-84996-241-4_2,Bhaskar Prasad RimalEunmi ChoiIan Lumb,2010,http://link.springer.com/chapter/10.1007/978-1-84996-241-4_2,Chapter
Developing In-House Applications,Enterprise iPhone and iPad Administrator’s Guide,,,,10.1007/978-1-4302-3010-6_7,Charles Edge,2010,http://link.springer.com/chapter/10.1007/978-1-4302-3010-6_7,Chapter
"A flexible, object-centric approach for business process modelling",Service Oriented Computing and Applications,,4,3,10.1007/s11761-010-0065-4,Guy ReddingMarlon DumasArthur H. M. ter HofstedeAdrian Iordachescu,2010,http://link.springer.com/article/10.1007/s11761-010-0065-4,Article
EAM Governance,Strategic IT Management,,,,10.1007/978-3-642-05034-3_6,Inge Hanschke,2010,http://link.springer.com/chapter/10.1007/978-3-642-05034-3_6,Chapter
Approximating Minimum Bending Energy Path in a Simple Corridor,Algorithms and Computation,,,,10.1007/978-3-642-17517-6_30,Jinhui XuLei XuYulai Xie,2010,http://link.springer.com/chapter/10.1007/978-3-642-17517-6_30,Chapter
Do You Get It? User-Evaluated Explainable BDI Agents,Multiagent System Technologies,,,,10.1007/978-3-642-16178-0_5,Joost BroekensMaaike HarbersKoen HindriksKarel van den BoschCatholijn JonkerJohn-Jules Meyer,2010,http://link.springer.com/chapter/10.1007/978-3-642-16178-0_5,Chapter
Survey of Storage and Fault Tolerance Strategies Used in Cloud Computing,Handbook of Cloud Computing,,,,10.1007/978-1-4419-6524-0_6,Kathleen EricsonShrideep Pallickara,2010,http://link.springer.com/chapter/10.1007/978-1-4419-6524-0_6,Chapter
Coordinated multimedia object replacement in transcoding proxies,The Journal of Supercomputing,,52,3,10.1007/s11227-009-0291-8,Keqiu LiYanming ShenKai LinWenyu Qu,2010,http://link.springer.com/article/10.1007/s11227-009-0291-8,Article
A Model for Space-Correlated Failures in Large-Scale Distributed Systems,Euro-Par 2010 - Parallel Processing,,,,10.1007/978-3-642-15277-1_10,Matthieu GalletNezih YigitbasiBahman JavadiDerrick KondoAlexandru IosupDick Epema,2010,http://link.springer.com/chapter/10.1007/978-3-642-15277-1_10,Chapter
pCFS vs. PVFS: Comparing a Highly-Available Symmetrical Parallel Cluster File System with an Asymmetrical Parallel File System,Euro-Par 2010 - Parallel Processing,,,,10.1007/978-3-642-15277-1_13,Paulo A. LopesPedro D. Medeiros,2010,http://link.springer.com/chapter/10.1007/978-3-642-15277-1_13,Chapter
Systems and Applications,Peer-to-Peer Computing,,,,10.1007/978-3-642-03514-2_9,Quang Hieu VuMihai LupuBeng Chin Ooi,2010,http://link.springer.com/chapter/10.1007/978-3-642-03514-2_9,Chapter
Reliable management of checkpointing and application data in opportunistic grids,Journal of the Brazilian Computer Society,,16,3,10.1007/s13173-010-0016-0,Raphael Y. de CamargoFernando CastorFabio Kon,2010,http://link.springer.com/article/10.1007/s13173-010-0016-0,Article
Frequency Agility in IPv6-Based Wireless Personal Area Networks (6LoWPAN),Wired/Wireless Internet Communications,,,,10.1007/978-3-642-13315-2_12,Riccardo TomasiHussein KhaleelFederico PennaClaudio PastroneRoberto GarelloMaurizio Spirito,2010,http://link.springer.com/chapter/10.1007/978-3-642-13315-2_12,Chapter
Using Values to Turn Agents into Characters,Agents and Artificial Intelligence,,,,10.1007/978-3-642-11819-7_22,Rossana DamianoVincenzo Lombardo,2010,http://link.springer.com/chapter/10.1007/978-3-642-11819-7_22,Chapter
iPhone for Work,,,,,10.1007/978-1-4302-2446-4,Ryan J. Faas,2010,http://link.springer.com/book/10.1007/978-1-4302-2446-4,Book
"Phone Home (Or Work, Clients, or Anyone Else)",iPhone for Work,,,,10.1007/978-1-4302-2446-4_4,Ryan J. Faas,2010,http://link.springer.com/chapter/10.1007/978-1-4302-2446-4_4,Chapter
Contacts,iPhone for Work,,,,10.1007/978-1-4302-2446-4_8,Ryan J. Faas,2010,http://link.springer.com/chapter/10.1007/978-1-4302-2446-4_8,Chapter
Web Browsing with Mobile Safari,iPhone for Work,,,,10.1007/978-1-4302-2446-4_11,Ryan J. Faas,2010,http://link.springer.com/chapter/10.1007/978-1-4302-2446-4_11,Chapter
Understanding iPhone Applications and the App Store,iPhone for Work,,,,10.1007/978-1-4302-2446-4_15,Ryan J. Faas,2010,http://link.springer.com/chapter/10.1007/978-1-4302-2446-4_15,Chapter
Apps for Specific Professions,iPhone for Work,,,,10.1007/978-1-4302-2446-4_17,Ryan J. Faas,2010,http://link.springer.com/chapter/10.1007/978-1-4302-2446-4_17,Chapter
Getting Online,iPhone for Work,,,,10.1007/978-1-4302-2446-4_3,Ryan J. Faas,2010,http://link.springer.com/chapter/10.1007/978-1-4302-2446-4_3,Chapter
Texting and Media Messaging for a Living,iPhone for Work,,,,10.1007/978-1-4302-2446-4_5,Ryan J. Faas,2010,http://link.springer.com/chapter/10.1007/978-1-4302-2446-4_5,Chapter
Calendar,iPhone for Work,,,,10.1007/978-1-4302-2446-4_7,Ryan J. Faas,2010,http://link.springer.com/chapter/10.1007/978-1-4302-2446-4_7,Chapter
Microsoft Exchange and ActiveSync,iPhone for Work,,,,10.1007/978-1-4302-2446-4_9,Ryan J. Faas,2010,http://link.springer.com/chapter/10.1007/978-1-4302-2446-4_9,Chapter
Photos and Video,iPhone for Work,,,,10.1007/978-1-4302-2446-4_10,Ryan J. Faas,2010,http://link.springer.com/chapter/10.1007/978-1-4302-2446-4_10,Chapter
General Business Applications,iPhone for Work,,,,10.1007/978-1-4302-2446-4_16,Ryan J. Faas,2010,http://link.springer.com/chapter/10.1007/978-1-4302-2446-4_16,Chapter
Using Your iPhone for the First Time,iPhone for Work,,,,10.1007/978-1-4302-2446-4_2,Ryan J. Faas,2010,http://link.springer.com/chapter/10.1007/978-1-4302-2446-4_2,Chapter
E-mail,iPhone for Work,,,,10.1007/978-1-4302-2446-4_6,Ryan J. Faas,2010,http://link.springer.com/chapter/10.1007/978-1-4302-2446-4_6,Chapter
iPod and iTunes,iPhone for Work,,,,10.1007/978-1-4302-2446-4_13,Ryan J. Faas,2010,http://link.springer.com/chapter/10.1007/978-1-4302-2446-4_13,Chapter
Buying and Activating Your iPhone,iPhone for Work,,,,10.1007/978-1-4302-2446-4_1,Ryan J. Faas,2010,http://link.springer.com/chapter/10.1007/978-1-4302-2446-4_1,Chapter
Getting Around Using Maps,iPhone for Work,,,,10.1007/978-1-4302-2446-4_12,Ryan J. Faas,2010,http://link.springer.com/chapter/10.1007/978-1-4302-2446-4_12,Chapter
The Remaining Built-In Apps,iPhone for Work,,,,10.1007/978-1-4302-2446-4_14,Ryan J. Faas,2010,http://link.springer.com/chapter/10.1007/978-1-4302-2446-4_14,Chapter
Aspects of Data-Intensive Cloud Computing,From Active Data Management to Event-Based Systems and More,,,,10.1007/978-3-642-17226-7_4,Sebastian FrischbierIlia Petrov,2010,http://link.springer.com/chapter/10.1007/978-3-642-17226-7_4,Chapter
An empirical comparative evaluation of requirements engineering methods,Journal of the Brazilian Computer Society,,16,1,10.1007/s13173-010-0003-5,Sergio EspañaNelly Condori-FernandezArturo GonzálezÓscar Pastor,2010,http://link.springer.com/article/10.1007/s13173-010-0003-5,Article
Data Life Time for Different Placement Policies in P2P Storage Systems,Data Management in Grid and Peer-to-Peer Systems,,,,10.1007/978-3-642-15108-8_7,Stéphane CaronFrédéric GiroireDorian MazauricJulian MonteiroStéphane Pérennes,2010,http://link.springer.com/chapter/10.1007/978-3-642-15108-8_7,Chapter
Rough Sets Approximations for Learning Outcomes,Ubiquitous Computing and Multimedia Applications,,,,10.1007/978-3-642-13467-8_7,Sylvia EnchevaSharil Tumin,2010,http://link.springer.com/chapter/10.1007/978-3-642-13467-8_7,Chapter
Verifying Security Property of Peer-to-Peer Systems Using CSP,Computer Security – ESORICS 2010,,,,10.1007/978-3-642-15497-3_20,Tien Tuan Anh DinhMark Ryan,2010,http://link.springer.com/chapter/10.1007/978-3-642-15497-3_20,Chapter
Differentiated Replication Strategy in Data Centers,Network and Parallel Computing,,,,10.1007/978-3-642-15672-4_24,Tung NguyenAnthony CutwayWeisong Shi,2010,http://link.springer.com/chapter/10.1007/978-3-642-15672-4_24,Chapter
P2P Agent Platform: Implementation and Testing,Agents and Peer-to-Peer Computing,,,,10.1007/978-3-642-11368-0_4,Vladimir GorodetskyOleg KarsaevVladimir SamoylovSergey Serebryakov,2010,http://link.springer.com/chapter/10.1007/978-3-642-11368-0_4,Chapter
Cost-aware caching schemes in heterogeneous storage systems,The Journal of Supercomputing,,56,1,10.1007/s11227-009-0342-1,Abhirup ChakrabortyAjit Singh,2011,http://link.springer.com/article/10.1007/s11227-009-0342-1,Article
event.Hub: An Event-Driven Information Hub for Mobile Devices,Ubiquitous Intelligence and Computing,,,,10.1007/978-3-642-23641-9_19,Adrian HornsbyTapani Leppanen,2011,http://link.springer.com/chapter/10.1007/978-3-642-23641-9_19,Chapter
Integrating Applications Developed for Heterogeneous Platforms: Building an Environment for Criminal Analysts,"Multimedia Communications, Services and Security",,,,10.1007/978-3-642-21512-4_3,Arkadiusz ŚwierczekRoman DębskiPiotr WłodekBartłomiej Śnieżyński,2011,http://link.springer.com/chapter/10.1007/978-3-642-21512-4_3,Chapter
Continuous Orientation Representation for Arbitrary Dimensions – A Generalized Knutsson Mapping,Image Analysis,,,,10.1007/978-3-642-21227-7_72,Bernd RiegerLucas J. van VlietPiet W. Verbeek,2011,http://link.springer.com/chapter/10.1007/978-3-642-21227-7_72,Chapter
A Knowledge-Based Framework for the Collaborative Improvisation of Scene Introductions,Interactive Storytelling,,,,10.1007/978-3-642-25289-1_10,Brian O’NeillAndreya PiplicaDaniel FullerBrian Magerko,2011,http://link.springer.com/chapter/10.1007/978-3-642-25289-1_10,Chapter
Implied Aesthetics: A Sensor-Based Approach towards Mobile Interfaces,"Design, User Experience, and Usability. Theory, Methods, Tools and Practice",,,,10.1007/978-3-642-21708-1_72,Daniel Sauter,2011,http://link.springer.com/chapter/10.1007/978-3-642-21708-1_72,Chapter
Confidant: Protecting OSN Data without Locking It Up,Middleware 2011,,,,10.1007/978-3-642-25821-3_4,Dongtao LiuAmre ShakimovRamón CáceresAlexander VarshavskyLandon P. Cox,2011,http://link.springer.com/chapter/10.1007/978-3-642-25821-3_4,Chapter
Image data compression using new halftoning operators and run length encoding,Thinkquest~2010,,,,10.1007/978-81-8489-989-4_38,Dr. H. B. KekreDr. M. U. KharatSanjay R. Sange,2011,http://link.springer.com/chapter/10.1007/978-81-8489-989-4_38,Chapter
Digital Storytelling for Competence Development,New Horizons in Web-Based Learning - ICWL 2010 Workshops,,,,10.1007/978-3-642-20539-2_5,Edgar SantosClaudia RibeiroManuel FradinhoJoão Pereira,2011,http://link.springer.com/chapter/10.1007/978-3-642-20539-2_5,Chapter
Private Discovery of Common Social Contacts,Applied Cryptography and Network Security,,,,10.1007/978-3-642-21554-4_9,Emiliano De CristofaroMark ManulisBertram Poettering,2011,http://link.springer.com/chapter/10.1007/978-3-642-21554-4_9,Chapter
Global ISR: Toward a Comprehensive Defense Against Unauthorized Code Execution,Moving Target Defense,,,,10.1007/978-1-4614-0977-9_3,Georgios PortokalidisAngelos D. Keromytis,2011,http://link.springer.com/chapter/10.1007/978-1-4614-0977-9_3,Chapter
A DVE Time Management Simulation and Verification Platform Based on Causality Consistency Middleware,Intelligent Computing and Information Science,,,,10.1007/978-3-642-18129-0_34,Hangjun ZhouWei ZhangYuxing PengSikun Li,2011,http://link.springer.com/chapter/10.1007/978-3-642-18129-0_34,Chapter
Hybrid Approaches for Distributed Storage Systems,Data Management in Grid and Peer-to-Peer Systems,,,,10.1007/978-3-642-22947-3_1,Julio AraujoFrédéric GiroireJulian Monteiro,2011,http://link.springer.com/chapter/10.1007/978-3-642-22947-3_1,Chapter
Developing Peer-to-Peer Applications with WCF,Pro WCF 4,,,,10.1007/978-1-4302-3369-5_12,Nishith Pathak,2011,http://link.springer.com/chapter/10.1007/978-1-4302-3369-5_12,Chapter
A Taxonomy of Service Engineering Stakeholder Types,Towards a Service-Based Internet,,,,10.1007/978-3-642-24755-2_20,Qing GuMichael ParkinPatricia Lago,2011,http://link.springer.com/chapter/10.1007/978-3-642-24755-2_20,Chapter
Remind Me,Beginning Android Tablet Programming,,,,10.1007/978-1-4302-3784-6_10,Robbie Matthews,2011,http://link.springer.com/chapter/10.1007/978-1-4302-3784-6_10,Chapter
Identification of Potential Requirements of Master Data Management under Cloud Computing,Databases in Networked Information Systems,,,,10.1007/978-3-642-25731-5_3,Shinji Kikuchi,2011,http://link.springer.com/chapter/10.1007/978-3-642-25731-5_3,Chapter
Distributed SIP conference management with autonomously authenticated sources and its application to an H.264 videoconferencing software for mobiles,Multimedia Tools and Applications,,53,2,10.1007/s11042-010-0500-8,Thomas C. SchmidtGabriel HegeMatthias WählischHans L. CyconMark PalkowDetlev Marpe,2011,http://link.springer.com/article/10.1007/s11042-010-0500-8,Article
StoryStream: Unrestricted Mobile Exploration of City Neighbourhoods Enriched by the Oral Presentation of User-Generated Stories,Interactive Storytelling,,,,10.1007/978-3-642-25289-1_25,Tyrone VriesedeFrank Nack,2011,http://link.springer.com/chapter/10.1007/978-3-642-25289-1_25,Chapter
Exploiting mobile contexts for Petri-net to generate a story in cartoons,Applied Intelligence,,34,1,10.1007/s10489-009-0175-x,Young-Seol LeeSung-Bae Cho,2011,http://link.springer.com/article/10.1007/s10489-009-0175-x,Article
Design of Embedded Database Based on Hybrid Storage of PRAM and NAND Flash Memory,Database Systems for Adanced Applications,,,,10.1007/978-3-642-20244-5_25,Youngwoo ParkSung Kyu ParkKyu Ho Park,2011,http://link.springer.com/chapter/10.1007/978-3-642-20244-5_25,Chapter
Fault Attacks on Elliptic Curve Cryptosystems,Fault Analysis in Cryptography,,,,10.1007/978-3-642-29656-7_9,Abdulaziz AlkhoraidlyAgustín Domínguez-OviedoM. Anwar Hasan,2012,http://link.springer.com/chapter/10.1007/978-3-642-29656-7_9,Chapter
Design and Development of an Interactive Virtual Shadow Puppet Play,Arts and Technology,,,,10.1007/978-3-642-33329-3_14,Abdullah Zawawi TalibMohd Azam OsmanKian Lam TanSirot Piman,2012,http://link.springer.com/chapter/10.1007/978-3-642-33329-3_14,Chapter
A multiagent approach to managing air traffic flow,Autonomous Agents and Multi-Agent Systems,,24,1,10.1007/s10458-010-9142-5,Adrian K. AgoginoKagan Tumer,2012,http://link.springer.com/article/10.1007/s10458-010-9142-5,Article
"A smart spaces architecture based on heterogeneous contexts, particularly social contexts",Cluster Computing,,15,4,10.1007/s10586-011-0157-8,Ahmed HasswaHossam Hassanein,2012,http://link.springer.com/article/10.1007/s10586-011-0157-8,Article
Spatial Cues in Hamlet,Intelligent Virtual Agents,,,,10.1007/978-3-642-33197-8_26,Christine TalbotG. Michael Youngblood,2012,http://link.springer.com/chapter/10.1007/978-3-642-33197-8_26,Chapter
Cryptanalysis of an RFID Tag Search Protocol Preserving Privacy of Mobile Reader,Network and Parallel Computing,,,,10.1007/978-3-642-35606-3_68,Eun-Jun Yoon,2012,http://link.springer.com/chapter/10.1007/978-3-642-35606-3_68,Chapter
Tailoring User Visibility and Privacy in a Context-Aware Mobile Social Network,Ubiquitous Computing and Ambient Intelligence,,,,10.1007/978-3-642-35377-2_16,Francisco Manuel Borrego-JarabaGonzalo Cerruela GarcíaIrene Luque RuizMiguel Ángel Gómez-Nieto,2012,http://link.springer.com/chapter/10.1007/978-3-642-35377-2_16,Chapter
A Framework for Service Morphing and Heterogeneous Service Discovery in Smart Environments,Impact Analysis of Solutions for Chronic Disease Prevention and Management,,,,10.1007/978-3-642-30779-9_2,Hen-I YangRyan BabbittJohnny WongCarl K. Chang,2012,http://link.springer.com/chapter/10.1007/978-3-642-30779-9_2,Chapter
Botnets and Cyber Criminals,Dark Web,,,,10.1007/978-1-4614-1557-2_22,Hsinchun Chen,2012,http://link.springer.com/chapter/10.1007/978-1-4614-1557-2_22,Chapter
Incremental Deterministic Public-Key Encryption,Advances in Cryptology – EUROCRYPT 2012,,,,10.1007/978-3-642-29011-4_37,Ilya MironovOmkant PandeyOmer ReingoldGil Segev,2012,http://link.springer.com/chapter/10.1007/978-3-642-29011-4_37,Chapter
Data Services,Pro T-SQL 2012 Programmer’s Guide,,,,10.1007/978-1-4302-4597-1_16,Jay NatarajanRudi BruchezScott ShawMichael Coles,2012,http://link.springer.com/chapter/10.1007/978-1-4302-4597-1_16,Chapter
Planning Children’s Stories Using Agent Models,Knowledge Management and Acquisition for Intelligent Systems,,,,10.1007/978-3-642-32541-0_17,Karen AngEthel Ong,2012,http://link.springer.com/chapter/10.1007/978-3-642-32541-0_17,Chapter
Remote Procedure Calls and the Client/Server Model,Guide to Reliable Distributed Systems,,,,10.1007/978-1-4471-2416-0_6,Kenneth P. Birman,2012,http://link.springer.com/chapter/10.1007/978-1-4471-2416-0_6,Chapter
"SeWDReSS: on the design of an application independent, secure, wide-area disaster recovery storage system",Multimedia Tools and Applications,,58,3,10.1007/s11042-011-0734-0,Lingfang ZengBharadwaj VeeravalliQingsong WeiDan Feng,2012,http://link.springer.com/article/10.1007/s11042-011-0734-0,Article
On the Security of Mutual Authentication Protocols for RFID Systems: The Case of Wei et al.’s Protocol,Data Privacy Management and Autonomous Spontaneus Security,,,,10.1007/978-3-642-28879-1_7,Masoumeh SafkhaniNasour BagheriSomitra Kumar SanadhyaMajid NaderiHamid Behnam,2012,http://link.springer.com/chapter/10.1007/978-3-642-28879-1_7,Chapter
Discussion on the Challenges and Opportunities of Cloud Forensics,Multidisciplinary Research and Practice for Information Systems,,,,10.1007/978-3-642-32498-7_45,Rainer PoiselSimon Tjoa,2012,http://link.springer.com/chapter/10.1007/978-3-642-32498-7_45,Chapter
Friends Radar: Towards a Private P2P Location Sharing Platform,Computer Aided Systems Theory – EUROCAST 2011,,,,10.1007/978-3-642-27579-1_68,Rene MayrhoferClemens HolzmannRomana Koprivec,2012,http://link.springer.com/chapter/10.1007/978-3-642-27579-1_68,Chapter
A Framework for the Development of Mobile Social Software on Android,"Mobile Computing, Applications, and Services",,,,10.1007/978-3-642-32320-1_14,Robert LübkeDaniel SchusterAlexander Schill,2012,http://link.springer.com/chapter/10.1007/978-3-642-32320-1_14,Chapter
An Intelligent Instructional Tool for Puppeteering in Virtual Shadow Puppet Play,Intelligent Technologies for Interactive Entertainment,,,,10.1007/978-3-642-30214-5_13,Sirot PimanAbdullah Zawawi Talib,2012,http://link.springer.com/chapter/10.1007/978-3-642-30214-5_13,Chapter
(More) Side Channels in Cloud Storage,Privacy and Identity Management for Life,,,,10.1007/978-3-642-31668-5_8,Tobias Pulls,2012,http://link.springer.com/chapter/10.1007/978-3-642-31668-5_8,Chapter
Small World VoIP,"Mobile Computing, Applications, and Services",,,,10.1007/978-3-642-29336-8_8,Xiaohui YangAngelos StavrouRam DantuDuminda Wijesekera,2012,http://link.springer.com/chapter/10.1007/978-3-642-29336-8_8,Chapter
Learning by Playing in Agent-Oriented Virtual Learning Environment,Agents for Educational Games and Simulations,,,,10.1007/978-3-642-32326-3_5,Yundong CaiZhiqi Shen,2012,http://link.springer.com/chapter/10.1007/978-3-642-32326-3_5,Chapter
"The Metafora Design Principles for a Collaborative, Interoperable Learning Framework",Collaboration and Technology,,,,10.1007/978-3-642-41347-6_14,Andreas HarrerThomas IrgangAndreas LingnauNorbert SattesKerstin Pfahler,2013,http://link.springer.com/chapter/10.1007/978-3-642-41347-6_14,Chapter
Security in RFID Networks and Communications,Wireless Network Security,,,,10.1007/978-3-642-36511-9_10,Chiu C. TanJie Wu,2013,http://link.springer.com/chapter/10.1007/978-3-642-36511-9_10,Chapter
Policy-Based De-duplication in Secure Cloud Storage,Trustworthy Computing and Services,,,,10.1007/978-3-642-35795-4_32,Chuanyi LiuXiaojian LiuLei Wan,2013,http://link.springer.com/chapter/10.1007/978-3-642-35795-4_32,Chapter
Repair Time in Distributed Storage Systems,"Data Management in Cloud, Grid and P2P Systems",,,,10.1007/978-3-642-40053-7_9,Frédéric GiroireSandeep Kumar GuptaRemigiusz ModrzejewskiJulian MonteiroStéphane Perennes,2013,http://link.springer.com/chapter/10.1007/978-3-642-40053-7_9,Chapter
Construction of Monitoring System of Dangerous and Harmful Species of Import Taiwan Fruits and Vegetables Based on GIS,Computer and Computing Technologies in Agriculture VI,,,,10.1007/978-3-642-36137-1_16,Hong ChenQiyong WengMeixiang ChiRongzhou QiuJian Zhao,2013,http://link.springer.com/chapter/10.1007/978-3-642-36137-1_16,Chapter
A service component based CAT system with SCORM for advanced learning effects,Multimedia Tools and Applications,,63,1,10.1007/s11042-012-1027-y,Hwa-Young JeongBong-Hwa Hong,2013,http://link.springer.com/article/10.1007/s11042-012-1027-y,Article
Accessing Databases,Learn Java for Android Development,,,,10.1007/978-1-4302-5723-3_14,Jeff Friesen,2013,http://link.springer.com/chapter/10.1007/978-1-4302-5723-3_14,Chapter
Modeling and Simulation of Hadoop Distributed File System in a Cluster of Workstations,Model and Data Engineering,,,,10.1007/978-3-642-41366-7_1,Longendri Aguilera-MendozaMonica T. Llorente-Quesada,2013,http://link.springer.com/chapter/10.1007/978-3-642-41366-7_1,Chapter
Message-Locked Encryption for Lock-Dependent Messages,Advances in Cryptology – CRYPTO 2013,,,,10.1007/978-3-642-40041-4_21,Martín AbadiDan BonehIlya MironovAnanth RaghunathanGil Segev,2013,http://link.springer.com/chapter/10.1007/978-3-642-40041-4_21,Chapter
On the Security of Tan et al. Serverless RFID Authentication and Search Protocols,Radio Frequency Identification. Security and Privacy Issues,,,,10.1007/978-3-642-36140-1_1,Masoumeh SafkhaniPedro Peris-LopezNasour BagheriMajid NaderiJulio Cesar Hernandez-Castro,2013,http://link.springer.com/chapter/10.1007/978-3-642-36140-1_1,Chapter
Development of a System for Communicating Human Factors Readiness,"Human Interface and the Management of Information. Information and Interaction for Learning, Culture, Collaboration and Business,",,,,10.1007/978-3-642-39226-9_52,Matthew JohnstonKatie Del GiudiceKelly S. HaleBrent Winslow,2013,http://link.springer.com/chapter/10.1007/978-3-642-39226-9_52,Chapter
The Role of Gender and Age on User Preferences in Narrative Experiences,Interactive Storytelling,,,,10.1007/978-3-319-02756-2_13,Michael Garber-BarronMei Si,2013,http://link.springer.com/chapter/10.1007/978-3-319-02756-2_13,Chapter
Message-Locked Encryption and Secure Deduplication,Advances in Cryptology – EUROCRYPT 2013,,,,10.1007/978-3-642-38348-9_18,Mihir BellareSriram KeelveedhiThomas Ristenpart,2013,http://link.springer.com/chapter/10.1007/978-3-642-38348-9_18,Chapter
Instantiating Random Oracles via UCEs,Advances in Cryptology – CRYPTO 2013,,,,10.1007/978-3-642-40084-1_23,Mihir BellareViet Tung HoangSriram Keelveedhi,2013,http://link.springer.com/chapter/10.1007/978-3-642-40084-1_23,Chapter
vUPS: Virtually Unifying Personal Storage for Fast and Pervasive Data Accesses,"Mobile Computing, Applications, and Services",,,,10.1007/978-3-642-36632-1_11,Mohammed A. HassanKshitiz BhattaraiSongqing Chen,2013,http://link.springer.com/chapter/10.1007/978-3-642-36632-1_11,Chapter
CrowdShare: Secure Mobile Resource Sharing,Applied Cryptography and Network Security,,,,10.1007/978-3-642-38980-1_27,N. AsokanAlexandra DmitrienkoMarcin NagyElena ReshetovaAhmad-Reza SadeghiThomas SchneiderStanislaus Stelle,2013,http://link.springer.com/chapter/10.1007/978-3-642-38980-1_27,Chapter
Straight Line Triangle Representations,Graph Drawing,,,,10.1007/978-3-319-03841-4_11,Nieke AertsStefan Felsner,2013,http://link.springer.com/chapter/10.1007/978-3-319-03841-4_11,Chapter
Big Data Introduction,Big Data Application Architecture Q & A,,,,10.1007/978-1-4302-6293-0_1,Nitin SawantHimanshu Shah,2013,http://link.springer.com/chapter/10.1007/978-1-4302-6293-0_1,Chapter
Potential Concerns and Common Benefits of Cloud-Based Enterprise Resource Planning (ERP),Cloud Computing,,,,10.1007/978-1-4471-5107-4_9,S. Parthasarathy,2013,http://link.springer.com/chapter/10.1007/978-1-4471-5107-4_9,Chapter
Handling Data,Real World Windows 8 Development,,,,10.1007/978-1-4302-5026-5_8,Samidip Basu,2013,http://link.springer.com/chapter/10.1007/978-1-4302-5026-5_8,Chapter
Impact of Cloud Computing on Digital Forensic Investigations,Advances in Digital Forensics IX,,,,10.1007/978-3-642-41148-9_20,Stephen O’ShaughnessyAnthony Keane,2013,http://link.springer.com/chapter/10.1007/978-3-642-41148-9_20,Chapter
Fallacies as Argumentative Devices in Political Debates,Multimodal Communication in Political Speech. Shaping Minds and Social Action,,,,10.1007/978-3-642-41545-6_18,Valentino ZurloniLuigi Anolli,2013,http://link.springer.com/chapter/10.1007/978-3-642-41545-6_18,Chapter
Windows 8 Modern App Data Access Options,Beginning Windows 8 Data Development,,,,10.1007/978-1-4302-4993-1_3,Vinodh Kumar,2013,http://link.springer.com/chapter/10.1007/978-1-4302-4993-1_3,Chapter
Local Data Access III: SQLite,Beginning Windows 8 Data Development,,,,10.1007/978-1-4302-4993-1_6,Vinodh Kumar,2013,http://link.springer.com/chapter/10.1007/978-1-4302-4993-1_6,Chapter
Understanding social relationship evolution by using real-world sensing data,World Wide Web,,16,6-May,10.1007/s11280-012-0189-x,Zhiwen YuXingshe ZhouDaqing ZhangGregor SchieleChristian Becker,2013,http://link.springer.com/article/10.1007/s11280-012-0189-x,Article
Blue Gene/Q: by co-design,Computer Science - Research and Development,,28,3-Feb,10.1007/s00450-012-0215-3,,2013,http://link.springer.com/article/10.1007/s00450-012-0215-3,Article
Architecture of Data Exchange with Minimal Client-Server Interaction at Multipoint Video Conferencing,"Internet of Things, Smart Spaces, and Next Generation Networks and Systems",,,,10.1007/978-3-319-10353-2_15,Anton I. SavelievIrina V. VatamaniukAndrey L. Ronzhin,2014,http://link.springer.com/chapter/10.1007/978-3-319-10353-2_15,Chapter
Salvaging Indifferentiability in a Multi-stage Setting,Advances in Cryptology – EUROCRYPT 2014,,,,10.1007/978-3-642-55220-5_33,Arno Mittelbach,2014,http://link.springer.com/chapter/10.1007/978-3-642-55220-5_33,Chapter
"Design, Deployment and Evaluation of a Social Tool for Developing Effective Working Relationships in Large Organizations","Design, User Experience, and Usability. User Experience Design Practice",,,,10.1007/978-3-319-07638-6_6,Athanasios KarapantelakisYonghui Guo,2014,http://link.springer.com/chapter/10.1007/978-3-319-07638-6_6,Chapter
A Requirements-Based Model for Effort Estimation in Service-Oriented Systems,Service-Oriented Computing – ICSOC 2013 Workshops,,,,10.1007/978-3-319-06859-6_8,Bertrand VerlaineIvan J. JuretaStéphane Faulkner,2014,http://link.springer.com/chapter/10.1007/978-3-319-06859-6_8,Chapter
"Narratives, Formalism, Computational Tools, and Nonlinearity","Language, Culture, Computation. Computing of the Humanities, Law, and Narratives",,,,10.1007/978-3-642-45324-3_11,Ephraim Nissan,2014,http://link.springer.com/chapter/10.1007/978-3-642-45324-3_11,Chapter
The Automated Discovery of Hybrid Processes,Business Process Management,,,,10.1007/978-3-319-10172-9_27,Fabrizio Maria MaggiTijs SlaatsHajo A. Reijers,2014,http://link.springer.com/chapter/10.1007/978-3-319-10172-9_27,Chapter
Migration to Governmental Cloud Digital Forensics Community: Economics and Methodology,"Economics of Grids, Clouds, Systems, and Services",,,,10.1007/978-3-319-14609-6_8,Gianluigi Me,2014,http://link.springer.com/chapter/10.1007/978-3-319-14609-6_8,Chapter
Smartphones as Distributed Witnesses for Digital Forensics,Advances in Digital Forensics X,,,,10.1007/978-3-662-44952-3_16,Heloise PieterseMartin Olivier,2014,http://link.springer.com/chapter/10.1007/978-3-662-44952-3_16,Chapter
Accessing Databases,Learn Java for Android Development,,,,10.1007/978-1-4302-6455-2_14,Jeff Friesen,2014,http://link.springer.com/chapter/10.1007/978-1-4302-6455-2_14,Chapter
Solutions to Exercises,Learn Java for Android Development,,,,10.1007/978-1-4302-6455-2_17,Jeff Friesen,2014,http://link.springer.com/chapter/10.1007/978-1-4302-6455-2_17,Chapter
"Leakage Resilient Proofs of Ownership in Cloud Storage, Revisited",Applied Cryptography and Network Security,,,,10.1007/978-3-319-07536-5_7,Jia XuJianying Zhou,2014,http://link.springer.com/chapter/10.1007/978-3-319-07536-5_7,Chapter
Application of Frontal EEG Asymmetry to User Experience Research,Engineering Psychology and Cognitive Ergonomics,,,,10.1007/978-3-319-07515-0_24,Jing ChaiYan GeYanfang LiuWen LiLei ZhouLin YaoXianghong Sun,2014,http://link.springer.com/chapter/10.1007/978-3-319-07515-0_24,Chapter
A Cloudlet-Based Proximal Discovery Service for Machine-to-Machine Applications,"Mobile Computing, Applications, and Services",,,,10.1007/978-3-319-05452-0_16,Jonas MichelChristine Julien,2014,http://link.springer.com/chapter/10.1007/978-3-319-05452-0_16,Chapter
A Cloud Computing Framework for On-Demand Forecasting Services,Internet of Vehicles – Technologies and Services,,,,10.1007/978-3-319-11167-4_35,Kwa-Sur TamRakesh Sehgal,2014,http://link.springer.com/chapter/10.1007/978-3-319-11167-4_35,Chapter
Toward the Web of Functions: Interoperable Higher-Order Functions in SPARQL,The Semantic Web – ISWC 2014,,,,10.1007/978-3-319-11915-1_26,Maurizio Atzori,2014,http://link.springer.com/chapter/10.1007/978-3-319-11915-1_26,Chapter
Introduction,Collaborative Web Hosting,,,,10.1007/978-3-319-03807-0_1,Reaz AhmedRaouf Boutaba,2014,http://link.springer.com/chapter/10.1007/978-3-319-03807-0_1,Chapter
Conclusion,Collaborative Web Hosting,,,,10.1007/978-3-319-03807-0_6,Reaz AhmedRaouf Boutaba,2014,http://link.springer.com/chapter/10.1007/978-3-319-03807-0_6,Chapter
Secure Gateway of Internet of Things Based on AppWeb and Secure Sockets Layer for Intelligent Granary Management System,Computer and Computing Technologies in Agriculture VII,,,,10.1007/978-3-642-54344-9_10,Rong TaoSenbin YangWei TanChangqing Zhang,2014,http://link.springer.com/chapter/10.1007/978-3-642-54344-9_10,Chapter
SAFECode Whitepaper: Fundamental Practices for Secure Software Development 2nd Edition,ISSE 2014 Securing Electronic Business Processes,,,,10.1007/978-3-658-06708-3_1,Stacy Simpson,2014,http://link.springer.com/chapter/10.1007/978-3-658-06708-3_1,Chapter
"Advanced Concepts for Architecture Support
            Process-driven applications
            Architecture
           in Process-Driven Applications",Process-Driven Applications with BPMN,,,,10.1007/978-3-319-07218-0_5,Volker Stiehl,2014,http://link.springer.com/chapter/10.1007/978-3-319-07218-0_5,Chapter
Algorithms for Low Bit-Rate Coding with Adaptation to Statistical Characteristics of Speech Signal,Speech and Computer,,,,10.1007/978-3-319-23132-7_8,Anton SavelievOleg BasovAndrey RonzhinAlexander Ronzhin,2015,http://link.springer.com/chapter/10.1007/978-3-319-23132-7_8,Chapter
Random-Oracle Uninstantiability from Indistinguishability Obfuscation,Theory of Cryptography,,,,10.1007/978-3-662-46497-7_17,Christina BrzuskaPooya FarshimArno Mittelbach,2015,http://link.springer.com/chapter/10.1007/978-3-662-46497-7_17,Chapter
Data Access with SQLite and Data Binding,Xamarin Mobile Application Development,,,,10.1007/978-1-4842-0214-2_7,Dan Hermes,2015,http://link.springer.com/chapter/10.1007/978-1-4842-0214-2_7,Chapter
Multiple parameter control for ant colony optimization applied to feature selection problem,Neural Computing and Applications,,26,7,10.1007/s00521-015-1829-8,Gang WangHaiCheng Eric ChuYuxuan ZhangHuiling ChenWeitong HuYing LiXuJun Peng,2015,http://link.springer.com/article/10.1007/s00521-015-1829-8,Article
"Agriculture Big Data: Research Status, Challenges and Countermeasures",Computer and Computing Technologies in Agriculture VIII,,,,10.1007/978-3-319-19620-6_17,Haoran ZhangXuyang WeiTengfei ZouZhongliang LiGuocai Yang,2015,http://link.springer.com/chapter/10.1007/978-3-319-19620-6_17,Chapter
Understanding What SQLite Is,Introducing SQLite for Mobile Developers,,,,10.1007/978-1-4842-1766-5_2,Jesse Feiler,2015,http://link.springer.com/chapter/10.1007/978-1-4842-1766-5_2,Chapter
DD-POR: Dynamic Operations and Direct Repair in Network Coding-Based Proof of Retrievability,Computing and Combinatorics,,,,10.1007/978-3-319-21398-9_56,Kazumasa OmoteTran Phuong Thao,2015,http://link.springer.com/chapter/10.1007/978-3-319-21398-9_56,Chapter
Survey of Pervasive Games and Technologies,A Survey of Characteristic Engine Features for Technology-Sustained Pervasive Games,,,,10.1007/978-3-319-17632-1_2,Kim J. L. Nevelsteen,2015,http://link.springer.com/chapter/10.1007/978-3-319-17632-1_2,Chapter
Experimental Assessment of Cloud Software Dependability Using Fault Injection,Technological Innovation for Cloud-Based Engineering Systems,,,,10.1007/978-3-319-16766-4_13,Lena HerscheidDaniel RichterAndreas Polze,2015,http://link.springer.com/chapter/10.1007/978-3-319-16766-4_13,Chapter
Data Services,Pro T-SQL Programmer's Guide,,,,10.1007/978-1-4842-0145-9_17,Miguel CebolleroJay NatarajanMichael Coles,2015,http://link.springer.com/chapter/10.1007/978-1-4842-0145-9_17,Chapter
Interactive Message-Locked Encryption and Secure Deduplication,Public-Key Cryptography -- PKC 2015,,,,10.1007/978-3-662-46447-2_23,Mihir BellareSriram Keelveedhi,2015,http://link.springer.com/chapter/10.1007/978-3-662-46447-2_23,Chapter
Modeling and Simulation for UAS Integration into the United States National Airspace System and NextGen,Modelling and Simulation for Autonomous Systems,,,,10.1007/978-3-319-22383-4_4,Richard S. StansburyJohn RobbinsMassood TowhidnejadBrent TerwilligerMohammad MoallemiJayson Clifford,2015,http://link.springer.com/chapter/10.1007/978-3-319-22383-4_4,Chapter
IRIS-CoMan: Scalable and Reliable Control and Management Architecture for SDN-Enabled Large-Scale Networks,Journal of Network and Systems Management,,23,2,10.1007/s10922-015-9341-0,Taesang ChoiByungjoon LeeSaehoon KangSejun SongHyungbae ParkSangsik YoonSunhee Yang,2015,http://link.springer.com/article/10.1007/s10922-015-9341-0,Article
Social Media Usage as a Service: A Service-Dominant Logic Perspective,Web-Age Information Management,,,,10.1007/978-3-319-23531-8_8,Tao HuHengjie Wang,2015,http://link.springer.com/chapter/10.1007/978-3-319-23531-8_8,Chapter
Knex and Bookshelf,JavaScript Frameworks for Modern Web Dev,,,,10.1007/978-1-4842-0662-1_12,Tim AmblerNicholas Cloud,2015,http://link.springer.com/chapter/10.1007/978-1-4842-0662-1_12,Chapter
Design and implementation of parallel video combiner architecture for multi-user video conferencing at ultra-high definition resolution,Multimedia Tools and Applications,,74,17,10.1007/s11042-014-1907-4,Vishnu Monn BaskaranYoong Choon ChangJonathan LooKokSheik Wong,2015,http://link.springer.com/article/10.1007/s11042-014-1907-4,Article
A New Approach for Contact Graph Representations and Its Applications,Algorithms and Data Structures,,,,10.1007/978-3-319-21840-3_14,Yi-Jun ChangHsu-Chun Yen,2015,http://link.springer.com/chapter/10.1007/978-3-319-21840-3_14,Chapter
Computing Resource Allocation with PEADGA,Configurable Intelligent Optimization Algorithm,,,,10.1007/978-3-319-08840-2_10,Yuanjun LailiFei TaoLin Zhang,2015,http://link.springer.com/chapter/10.1007/978-3-319-08840-2_10,Chapter
"BiobankCloud: A Platform for the Secure Storage, Sharing, and Processing of Large Biomedical Data Sets",Biomedical Data Management and Graph Online Querying,,,,10.1007/978-3-319-41576-5_7,Alysson BessaniJörgen BrandtMarc BuxVinicius CogoLora DimitrovaJim DowlingAli GholamiKamal HakimzadehMicheal HummelMahmoud IsmailErwin LaureUlf LeserJan-Eric LittonRoxanna MartinezSalman NiaziJane Reichel,2016,http://link.springer.com/chapter/10.1007/978-3-319-41576-5_7,Chapter
Deploying and Running Microservices,Microservices From Day One,,,,10.1007/978-1-4842-1937-9_10,Cloves Carneiro Jr.Tim Schmelmer,2016,http://link.springer.com/chapter/10.1007/978-1-4842-1937-9_10,Chapter
P2P,Encyclopedia of Algorithms,,,,10.1007/978-1-4939-2864-4_272,Dahlia Malkhi,2016,http://link.springer.com/referenceworkentry/10.1007/978-1-4939-2864-4_272,ReferenceWorkEntry
"Issues on developing interoperable cloud applications: definitions, concepts, approaches, requirements, characteristics and evaluation models",Journal of Software Engineering Research and Development,,4,1,10.1186/s40411-016-0033-6,Elias NogueiraAna MoreiraDaniel LucrédioVinícius GarciaRenata Fortes,2016,http://link.springer.com/article/10.1186/s40411-016-0033-6,Article
Cloud Computing as a Service,Cloud as a Service,,,,10.1007/978-1-4842-0103-9_1,Enrique Castro-LeonRobert Harmon,2016,http://link.springer.com/chapter/10.1007/978-1-4842-0103-9_1,Chapter
A new construction on randomized message-locked encryption in the standard model via UCEs,Science China Information Sciences,,60,5,10.1007/s11432-015-1037-2,Huige WangKefei ChenBaodong QinXuejia LaiYunhua Wen,2016,http://link.springer.com/article/10.1007/s11432-015-1037-2,Article
A Live Virtual Simulator for Teaching Cybersecurity to Information Technology Students,Learning and Collaboration Technologies,,,,10.1007/978-3-319-39483-1_43,Margus ErnitsKaido Kikkas,2016,http://link.springer.com/chapter/10.1007/978-3-319-39483-1_43,Chapter
Databases,Lean Python,,,,10.1007/978-1-4842-2385-7_11,Paul Gerrard,2016,http://link.springer.com/chapter/10.1007/978-1-4842-2385-7_11,Chapter
A forensic acquisition and analysis system for IaaS,Cluster Computing,,19,1,10.1007/s10586-015-0509-x,Saad AlqahtanyNathan ClarkeSteven FurnellChristoph Reich,2016,http://link.springer.com/article/10.1007/s10586-015-0509-x,Article
The Semantics of Hybrid Process Models,On the Move to Meaningful Internet Systems: OTM 2016 Conferences,,,,10.1007/978-3-319-48472-3_32,Tijs SlaatsDennis M. M. SchunselaarFabrizio M. MaggiHajo A. Reijers,2016,http://link.springer.com/chapter/10.1007/978-3-319-48472-3_32,Chapter
Enhancing Least Square Support Vector Regression with Gradient Information,Neural Processing Letters,,43,1,10.1007/s11063-014-9402-5,Xiao Jian ZhouTing Jiang,2016,http://link.springer.com/article/10.1007/s11063-014-9402-5,Article
5G-Related Projects,Cloud Based 5G Wireless Networks,,,,10.1007/978-3-319-47343-7_6,Yin ZhangMin Chen,2016,http://link.springer.com/chapter/10.1007/978-3-319-47343-7_6,Chapter
Towards a Standardized Quality Assessment Framework for OCCI-Controlled Cloud Infrastructures,Cloud Computing and Services Science,,,,10.1007/978-3-319-29582-4_4,Yongzheng Liang,2016,http://link.springer.com/chapter/10.1007/978-3-319-29582-4_4,Chapter
From Noticing to Suspecting: The Initial Stages in the Information Behaviour of Informal Caregivers of People with Dementia,"Human Aspects of IT for the Aged Population. Applications, Services and Contexts",,,,10.1007/978-3-319-58536-9_36,Ágústa Pálsdóttir,2017,http://link.springer.com/chapter/10.1007/978-3-319-58536-9_36,Chapter
Creating ASP.NET Core Web Applications,Beginning Visual Studio for Mac,,,,10.1007/978-1-4842-3033-6_10,Alessandro Del Sole,2017,http://link.springer.com/chapter/10.1007/978-1-4842-3033-6_10,Chapter
"Data Visualizations, Alerts, and Notifications with Power BI",Business in Real-Time Using Azure IoT and Cortana Intelligence Suite,,,,10.1007/978-1-4842-2650-6_9,Bob FamiliarJeff Barnes,2017,http://link.springer.com/chapter/10.1007/978-1-4842-2650-6_9,Chapter
Developing a Common Understanding of IT Services – The Case of a German University,"Human Interface and the Management of Information: Information, Knowledge and Interaction Design",,,,10.1007/978-3-319-58521-5_32,Christian Remfert,2017,http://link.springer.com/chapter/10.1007/978-3-319-58521-5_32,Chapter
Community clouds within M-commerce: a privacy by design perspective,Journal of Cloud Computing,,6,1,10.1186/s13677-017-0093-0,Farid ShiraziAmna Iqbal,2017,http://link.springer.com/article/10.1186/s13677-017-0093-0,Article
Demystifying the Traits of Software-Defined Cloud Environments (SDCEs),Automated Workflow Scheduling in Self-Adaptive Clouds,,,,10.1007/978-3-319-56982-6_2,G. KousalyaP. BalakrishnanC. Pethuru Raj,2017,http://link.springer.com/chapter/10.1007/978-3-319-56982-6_2,Chapter
Coordination Models for 5G Multi-provider Service Orchestration: Specification and Assessment,"Economics of Grids, Clouds, Systems, and Services",,,,10.1007/978-3-319-68066-8_20,George DarzanosManos DramitinosGeorge D. Stamoulis,2017,http://link.springer.com/chapter/10.1007/978-3-319-68066-8_20,Chapter
Serverless Computing: Current Trends and Open Problems,Research Advances in Cloud Computing,,,,10.1007/978-981-10-5026-8_1,Ioana BaldiniPaul CastroKerry ChangPerry ChengStephen FinkVatche IshakianNick MitchellVinod MuthusamyRodric RabbahAleksander SlominskiPhilippe Suter,2017,http://link.springer.com/chapter/10.1007/978-981-10-5026-8_1,Chapter
Costradamus: A Cost-Tracing System for Cloud-Based Software Services,Service-Oriented Computing,,,,10.1007/978-3-319-69035-3_48,Jörn KuhlenkampMarkus Klems,2017,http://link.springer.com/chapter/10.1007/978-3-319-69035-3_48,Chapter
Architecture,Network Programming with Go,,,,10.1007/978-1-4842-2692-6_1,Jan Newmarch,2017,http://link.springer.com/chapter/10.1007/978-1-4842-2692-6_1,Chapter
Next-Level Static Content Hosting,Website Hosting and Migration with Amazon Web Services,,,,10.1007/978-1-4842-2589-9_5,Jason Nadon,2017,http://link.springer.com/chapter/10.1007/978-1-4842-2589-9_5,Chapter
Research on the Description Method of the Atomic Services in Extensible Network Service Model,Geo-Spatial Knowledge and Intelligence,,,,10.1007/978-981-10-3969-0_22,Jie RenJun Shen,2017,http://link.springer.com/chapter/10.1007/978-981-10-3969-0_22,Chapter
"More Sharing, More Benefits? A Study of Library Sharing in Container-Based Infrastructures",Euro-Par 2017: Parallel Processing,,,,10.1007/978-3-319-64203-1_26,José Bravo FerreiraMarco CelloJesús Omana Iglesias,2017,http://link.springer.com/chapter/10.1007/978-3-319-64203-1_26,Chapter
Industry 4.0 and Its Development in Colombian Industry,Applied Computer Sciences in Engineering,,,,10.1007/978-3-319-66963-2_28,Kelly Viviana Bareño SinisterraStefhania Mora MejíaJosé Ignacio Rodríguez Molano,2017,http://link.springer.com/chapter/10.1007/978-3-319-66963-2_28,Chapter
Empowering Low-Latency Applications Through a Serverless Edge Computing Architecture,Service-Oriented and Cloud Computing,,,,10.1007/978-3-319-67262-5_15,Luciano BaresiDanilo Filgueira MendonçaMartin Garriga,2017,http://link.springer.com/chapter/10.1007/978-3-319-67262-5_15,Chapter
Factoring as a Service,Financial Cryptography and Data Security,,,,10.1007/978-3-662-54970-4_19,Luke ValentaShaanan CohneyAlex LiaoJoshua FriedSatya BodduluriNadia Heninger,2017,http://link.springer.com/chapter/10.1007/978-3-662-54970-4_19,Chapter
"Cost comparison of running web applications in the cloud using monolithic, microservice, and AWS Lambda architectures",Service Oriented Computing and Applications,,11,2,10.1007/s11761-017-0208-y,Mario VillamizarOscar GarcésLina OchoaHarold CastroLorena SalamancaMauricio VeranoRubby CasallasSantiago GilCarlos ValenciaAngee ZambranoMery Lang,2017,http://link.springer.com/article/10.1007/s11761-017-0208-y,Article
Battery Monitoring Within Industry 4.0 Landscape: Solution as a Service (SaaS) for Industrial Power Unit Systems,"Internet of Things, Smart Spaces, and Next Generation Networks and Systems",,,,10.1007/978-3-319-67380-6_4,Mathieu DevosPavel Masek,2017,http://link.springer.com/chapter/10.1007/978-3-319-67380-6_4,Chapter
Service-Driven Enrichment for KbR in the OMiLAB Environment,Serviceology for Services,,,,10.1007/978-3-319-61240-9_16,Michael WalchDimitris Karagiannis,2017,http://link.springer.com/chapter/10.1007/978-3-319-61240-9_16,Chapter
Coincer: Decentralised Trustless Platform for Exchanging Decentralised Cryptocurrencies,Network and System Security,,,,10.1007/978-3-319-64701-2_53,Michal Zima,2017,http://link.springer.com/chapter/10.1007/978-3-319-64701-2_53,Chapter
A QoS-Aware Resource Allocation Controller for Function as a Service (FaaS) Platform,Service-Oriented Computing,,,,10.1007/978-3-319-69035-3_17,MohammadReza HoseinyFarahabadyYoung Choon LeeAlbert Y. ZomayaZahir Tari,2017,http://link.springer.com/chapter/10.1007/978-3-319-69035-3_17,Chapter
WSNs in FIWARE – Towards the Development of People-Centric Applications,Highlights of Practical Applications of Cyber-Physical Multi-Agent Systems,,,,10.1007/978-3-319-60285-1_38,Ngombo ArmandoDuarte RaposoMarcelo FernandesAndré RodriguesJorge Sá SilvaFernando Boavida,2017,http://link.springer.com/chapter/10.1007/978-3-319-60285-1_38,Chapter
"Innovation, KPIs, Best Practices, and More for Machine Learning",Machine Learning for Decision Makers,,,,10.1007/978-1-4842-2988-0_7,Patanjali Kashyap,2017,http://link.springer.com/chapter/10.1007/978-1-4842-2988-0_7,Chapter
Let’s Integrate with Machine Learning,Machine Learning for Decision Makers,,,,10.1007/978-1-4842-2988-0_1,Patanjali Kashyap,2017,http://link.springer.com/chapter/10.1007/978-1-4842-2988-0_1,Chapter
Management of Multi-cloud Computing,Global Sourcing of Digital Services: Micro and Macro Perspectives,,,,10.1007/978-3-319-70305-3_8,Paul AlparAriana Polyviou,2017,http://link.springer.com/chapter/10.1007/978-3-319-70305-3_8,Chapter
Serverless Execution of Scientific Workflows,Service-Oriented Computing,,,,10.1007/978-3-319-69035-3_51,Qingye JiangYoung Choon LeeAlbert Y. Zomaya,2017,http://link.springer.com/chapter/10.1007/978-3-319-69035-3_51,Chapter
ATSDS: adaptive two-stage deadline-constrained workflow scheduling considering run-time circumstances in cloud computing environments,The Journal of Supercomputing,,73,6,10.1007/s11227-016-1928-z,Reihaneh KhorsandFaramarz Safi-EsfahaniNaser NematbakhshMehran Mohsenzade,2017,http://link.springer.com/article/10.1007/s11227-016-1928-z,Article
Optimizing the Profit and QoS of Virtual Brokers in the Cloud,Cloud Computing,,,,10.1007/978-3-319-54645-2_11,Santiago IturriagaSergio NesmachnowBernabé Dorronsoro,2017,http://link.springer.com/chapter/10.1007/978-3-319-54645-2_11,Chapter
Ubiquitous Connections: The Internet of People and Things,Crowd-Powered Mobile Computing and Smart Things,,,,10.1007/978-3-319-54436-6_1,Seng W. Loke,2017,http://link.springer.com/chapter/10.1007/978-3-319-54436-6_1,Chapter
Private Data System Enabling Self-Sovereign Storage Managed by Executable Choreographies,Distributed Applications and Interoperable Systems,,,,10.1007/978-3-319-59665-5_6,Sinică AlboaieDoina Cosovan,2017,http://link.springer.com/chapter/10.1007/978-3-319-59665-5_6,Chapter
Bi-directional and concurrent proof of ownership for stronger storage services with de-duplication,Science China Information Sciences,,61,3,10.1007/s11432-017-9116-x,Taek-Young YounKu-Young Chang,2017,http://link.springer.com/article/10.1007/s11432-017-9116-x,Article
Unpacking Ethereum,Blockchain Enabled Applications,,,,10.1007/978-1-4842-3081-7_4,Vikram DhillonDavid MetcalfMax Hooper,2017,http://link.springer.com/chapter/10.1007/978-1-4842-3081-7_4,Chapter
"Formally Verified Safe Vertical Maneuvers for Non-deterministic, Accelerating Aircraft Dynamics",Interactive Theorem Proving,,,,10.1007/978-3-319-66107-0_22,Yanni KouskoulasDaniel GeninAurora SchmidtJean-Baptiste Jeannin,2017,http://link.springer.com/chapter/10.1007/978-3-319-66107-0_22,Chapter
"Distributed Video Analytics Across Edge and Cloud Using 
                  
                    
                  
                  $$\mathbb {ECHO}$$",Service-Oriented Computing – ICSOC 2017 Workshops,,,,10.1007/978-3-319-91764-1_39,Aakash KhocharePushkara RavindraSiva P. ReddyYogesh Simmhan,2018,http://link.springer.com/chapter/10.1007/978-3-319-91764-1_39,Chapter
Contiki-NG and Cloud Server,Practical Contiki-NG,,,,10.1007/978-1-4842-3408-2_8,Agus Kurniawan,2018,http://link.springer.com/chapter/10.1007/978-1-4842-3408-2_8,Chapter
A Quantitative Approach for the Assessment of Microservice Architecture Deployment Alternatives by Automated Performance Testing,Software Architecture,,,,10.1007/978-3-030-00761-4_11,Alberto AvritzerVincenzo FermeAndrea JanesBarbara RussoHenning SchulzAndré van Hoorn,2018,http://link.springer.com/chapter/10.1007/978-3-030-00761-4_11,Chapter
Assurance Benefits of ISO 26262 Compliant Microcontrollers for Safety-Critical Avionics,"Computer Safety, Reliability, and Security",,,,10.1007/978-3-319-99130-6_3,Andreas SchwierzHåkan Forsberg,2018,http://link.springer.com/chapter/10.1007/978-3-319-99130-6_3,Chapter
Serverless Node with AWS Lambda,Practical Node.js,,,,10.1007/978-1-4842-3039-8_16,Azat Mardan,2018,http://link.springer.com/chapter/10.1007/978-1-4842-3039-8_16,Chapter
Conclusion,Practical Node.js,,,,10.1007/978-1-4842-3039-8_17,Azat Mardan,2018,http://link.springer.com/chapter/10.1007/978-1-4842-3039-8_17,Chapter
Node Microservices with Docker and AWS ECS,Practical Node.js,,,,10.1007/978-1-4842-3039-8_15,Azat Mardan,2018,http://link.springer.com/chapter/10.1007/978-1-4842-3039-8_15,Chapter
Resource optimization of container orchestration: a case study in multi-cloud microservices-based applications,The Journal of Supercomputing,,74,7,10.1007/s11227-018-2345-2,Carlos GuerreroIsaac LeraCarlos Juiz,2018,http://link.springer.com/article/10.1007/s11227-018-2345-2,Article
Deployment,The Full Stack Developer,,,,10.1007/978-1-4842-4152-3_13,Chris Northwood,2018,http://link.springer.com/chapter/10.1007/978-1-4842-4152-3_13,Chapter
"SPARQ
                  
                    
                  
                  $$\lambda $$
                : A Functional Perspective on Linked Data Services",Semantic Technology,,,,10.1007/978-3-030-04284-4_10,Christian VogelgesangTorsten SpieldennerRené Schubotz,2018,http://link.springer.com/chapter/10.1007/978-3-030-04284-4_10,Chapter
INDIGO-DataCloud: a Platform to Facilitate Seamless Access to E-Infrastructures,Journal of Grid Computing,,16,3,10.1007/s10723-018-9453-3,D. SalomoniI. CamposL. GaidoJ. Marco de LucasP. SolagnaJ. GomesL. MatyskaP. FuhrmanM. HardtG. DonvitoL. DutkaM. PlociennikR. BarberaI. BlanquerA. CeccantiE. Cetinic,2018,http://link.springer.com/article/10.1007/s10723-018-9453-3,Article
Taking a Steppe Towards Optimizing Note-Taking Software by Creation of a Note Classification Algorithm,Information Technology - New Generations,,,,10.1007/978-3-319-77028-4_45,Daniela ZiebaWren JenkinsMichael GallowayJean-Luc Houle,2018,http://link.springer.com/chapter/10.1007/978-3-319-77028-4_45,Chapter
A Research Perspective on Fog Computing,Service-Oriented Computing – ICSOC 2017 Workshops,,,,10.1007/978-3-319-91764-1_16,David BermbachFrank PallasDavid García PérezPierluigi PlebaniMaya AndersonRonen KatStefan Tai,2018,http://link.springer.com/chapter/10.1007/978-3-319-91764-1_16,Chapter
Rio: a personal storage system in multi-device and cloud,The Journal of Supercomputing,,,,10.1007/s11227-018-2501-8,Feng WangYanjun WuFeiyue Huang,2018,http://link.springer.com/article/10.1007/s11227-018-2501-8,Article
The Flip SideFlip side of Open Source,How Open Source Ate Software,,,,10.1007/978-1-4842-3894-3_6,Gordon Haff,2018,http://link.springer.com/chapter/10.1007/978-1-4842-3894-3_6,Chapter
Thoughts on System Design for Big Data,Computing with Data,,,,10.1007/978-3-319-98149-9_14,Guy LebanonMohamed El-Geish,2018,http://link.springer.com/chapter/10.1007/978-3-319-98149-9_14,Chapter
Conversational Bots with Workflow Services Architecture for Smart Travel Systems,Smart Trends in Information Technology and Computer Communications,,,,10.1007/978-981-13-1423-0_5,Hari Bhaskar SankaranarayananJayprakash Lalchandani,2018,http://link.springer.com/chapter/10.1007/978-981-13-1423-0_5,Chapter
"Notes on ensembles of IoT, network functions and clouds for service-oriented computing and applications",Service Oriented Computing and Applications,,12,1,10.1007/s11761-018-0228-2,Hong-Linh TruongNanjangud C. NarendraKwei-Jay Lin,2018,http://link.springer.com/article/10.1007/s11761-018-0228-2,Article
FBaaS: Functional Blockchain as a Service,Blockchain – ICBC 2018,,,,10.1007/978-3-319-94478-4_17,Huan ChenLiang-Jie Zhang,2018,http://link.springer.com/chapter/10.1007/978-3-319-94478-4_17,Chapter
CloudsStorm: An Application-Driven Framework to Enhance the Programmability and Controllability of Cloud Virtual Infrastructures,Cloud Computing – CLOUD 2018,,,,10.1007/978-3-319-94295-7_18,Huan ZhouYang HuJinshu SuCees de LaatZhiming Zhao,2018,http://link.springer.com/chapter/10.1007/978-3-319-94295-7_18,Chapter
Goal-Oriented Approach to Enable New Business Models for SME Using Smart Products,Product Lifecycle Management to Support Industry 4.0,,,,10.1007/978-3-030-01614-2_14,Jan HickingViolett ZellerGünther Schuh,2018,http://link.springer.com/chapter/10.1007/978-3-030-01614-2_14,Chapter
Dynamic Model for Service Composition and Optimal Selection in Cloud Manufacturing Environment,Recent Advances in Intelligent Manufacturing,,,,10.1007/978-981-13-2396-6_5,Jawad Ul HassanPeihan WenPan WangQian ZhangFarrukh SaleemM. Usman Nisar,2018,http://link.springer.com/chapter/10.1007/978-981-13-2396-6_5,Chapter
"FaaSter, Better, Cheaper: The Prospect of Serverless Scientific Computing and HPC",High Performance Computing,,,,10.1007/978-3-319-73353-1_11,Josef SpillnerCristian MateosDavid A. Monge,2018,http://link.springer.com/chapter/10.1007/978-3-319-73353-1_11,Chapter
The Target,Migrating to Azure,,,,10.1007/978-1-4842-3585-0_8,Josh Garverick,2018,http://link.springer.com/chapter/10.1007/978-1-4842-3585-0_8,Chapter
Introducing an Event-Based Architecture for Concurrent and Distributed Evolutionary Algorithms,Parallel Problem Solving from Nature – PPSN XV,,,,10.1007/978-3-319-99253-2_32,Juan J. Merelo GuervósJ. Mario García-Valdez,2018,http://link.springer.com/chapter/10.1007/978-3-319-99253-2_32,Chapter
Case Study: Building a Serverless Messenger Chatbot,Current Trends in Web Engineering,,,,10.1007/978-3-319-74433-9_6,Jyri LehväNiko MäkitaloTommi Mikkonen,2018,http://link.springer.com/chapter/10.1007/978-3-319-74433-9_6,Chapter
Microservices Governance,Microservices for the Enterprise,,,,10.1007/978-1-4842-3858-5_6,Kasun IndrasiriPrabath Siriwardena,2018,http://link.springer.com/chapter/10.1007/978-1-4842-3858-5_6,Chapter
CAVAS: Neutralizing Application and Container Security Vulnerabilities in the Cloud Native Era,Security and Privacy in Communication Networks,,,,10.1007/978-3-030-01701-9_26,Kennedy A. TorkuraMuhammad I. H. SukmanaFeng ChengChristoph Meinel,2018,http://link.springer.com/chapter/10.1007/978-3-030-01701-9_26,Chapter
A Delivery Model for Cultural Heritage Services in Smart Cities Environments,"Digital Heritage. Progress in Cultural Heritage: Documentation, Preservation, and Protection",,,,10.1007/978-3-030-01765-1_31,Konstantina SiountriEmmanouil SkondrasDimitrios D. Vergados,2018,http://link.springer.com/chapter/10.1007/978-3-030-01765-1_31,Chapter
Wholly!: A Build System For The Modern Software Stack,Formal Methods for Industrial Critical Systems,,,,10.1007/978-3-030-00244-2_16,Loic GelleHassen SaidiAshish Gehani,2018,http://link.springer.com/chapter/10.1007/978-3-030-00244-2_16,Chapter
Benchmarking Heterogeneous Cloud Functions,Euro-Par 2017: Parallel Processing Workshops,,,,10.1007/978-3-319-75178-8_34,Maciej MalawskiKamil FigielaAdam GajekAdam Zima,2018,http://link.springer.com/chapter/10.1007/978-3-319-75178-8_34,Chapter
Understanding Serverless Computing,Beginning Serverless Computing,,,,10.1007/978-1-4842-3084-8_1,Maddie Stigler,2018,http://link.springer.com/chapter/10.1007/978-1-4842-3084-8_1,Chapter
Beginning Serverless Computing,,,,,10.1007/978-1-4842-3084-8,Maddie Stigler,2018,http://link.springer.com/book/10.1007/978-1-4842-3084-8,Book
An Agnostic Approach,Beginning Serverless Computing,,,,10.1007/978-1-4842-3084-8_6,Maddie Stigler,2018,http://link.springer.com/chapter/10.1007/978-1-4842-3084-8_6,Chapter
Getting Started,Beginning Serverless Computing,,,,10.1007/978-1-4842-3084-8_2,Maddie Stigler,2018,http://link.springer.com/chapter/10.1007/978-1-4842-3084-8_2,Chapter
Amazon Web Services,Beginning Serverless Computing,,,,10.1007/978-1-4842-3084-8_3,Maddie Stigler,2018,http://link.springer.com/chapter/10.1007/978-1-4842-3084-8_3,Chapter
Google Cloud,Beginning Serverless Computing,,,,10.1007/978-1-4842-3084-8_5,Maddie Stigler,2018,http://link.springer.com/chapter/10.1007/978-1-4842-3084-8_5,Chapter
Azure,Beginning Serverless Computing,,,,10.1007/978-1-4842-3084-8_4,Maddie Stigler,2018,http://link.springer.com/chapter/10.1007/978-1-4842-3084-8_4,Chapter
John Q. Martin,Data Professionals at Work,,,,10.1007/978-1-4842-3967-4_16,Malathi Mahadevan,2018,http://link.springer.com/chapter/10.1007/978-1-4842-3967-4_16,Chapter
Kevin Feasel,Data Professionals at Work,,,,10.1007/978-1-4842-3967-4_6,Malathi Mahadevan,2018,http://link.springer.com/chapter/10.1007/978-1-4842-3967-4_6,Chapter
LogDrive: a proactive data collection and analysis framework for time-traveling forensic investigation in IaaS cloud environments,Journal of Cloud Computing,,7,1,10.1186/s13677-018-0119-2,Manabu HiranoNatsuki TsuzukiSeishiro IkedaRyotaro Kobayashi,2018,http://link.springer.com/article/10.1186/s13677-018-0119-2,Article
Introduction to Serverless Technologies,Monetizing Machine Learning,,,,10.1007/978-1-4842-3873-8_1,Manuel AmunateguiMehdi Roopaei,2018,http://link.springer.com/chapter/10.1007/978-1-4842-3873-8_1,Chapter
Real-Time Intelligence with Logistic Regression on GCP,Monetizing Machine Learning,,,,10.1007/978-1-4842-3873-8_3,Manuel AmunateguiMehdi Roopaei,2018,http://link.springer.com/chapter/10.1007/978-1-4842-3873-8_3,Chapter
Displaying Predictions with Google Maps on Azure,Monetizing Machine Learning,,,,10.1007/978-1-4842-3873-8_6,Manuel AmunateguiMehdi Roopaei,2018,http://link.springer.com/chapter/10.1007/978-1-4842-3873-8_6,Chapter
Monetizing Machine Learning,,,,,10.1007/978-1-4842-3873-8,Manuel AmunateguiMehdi Roopaei,2018,http://link.springer.com/book/10.1007/978-1-4842-3873-8,Book
Conclusion,Monetizing Machine Learning,,,,10.1007/978-1-4842-3873-8_17,Manuel AmunateguiMehdi Roopaei,2018,http://link.springer.com/chapter/10.1007/978-1-4842-3873-8_17,Chapter
Case Study Part 2: Displaying Dynamic Charts,Monetizing Machine Learning,,,,10.1007/978-1-4842-3873-8_9,Manuel AmunateguiMehdi Roopaei,2018,http://link.springer.com/chapter/10.1007/978-1-4842-3873-8_9,Chapter
Case Study Part 3: Enriching Content with Fundamental Financial Information,Monetizing Machine Learning,,,,10.1007/978-1-4842-3873-8_12,Manuel AmunateguiMehdi Roopaei,2018,http://link.springer.com/chapter/10.1007/978-1-4842-3873-8_12,Chapter
Google Analytics,Monetizing Machine Learning,,,,10.1007/978-1-4842-3873-8_13,Manuel AmunateguiMehdi Roopaei,2018,http://link.springer.com/chapter/10.1007/978-1-4842-3873-8_13,Chapter
Case Study Part 1: Supporting Both Web and Mobile Browsers,Monetizing Machine Learning,,,,10.1007/978-1-4842-3873-8_5,Manuel AmunateguiMehdi Roopaei,2018,http://link.springer.com/chapter/10.1007/978-1-4842-3873-8_5,Chapter
Forecasting with Naive Bayes and OpenWeather on AWS,Monetizing Machine Learning,,,,10.1007/978-1-4842-3873-8_7,Manuel AmunateguiMehdi Roopaei,2018,http://link.springer.com/chapter/10.1007/978-1-4842-3873-8_7,Chapter
Recommending with Singular Value Decomposition on GCP,Monetizing Machine Learning,,,,10.1007/978-1-4842-3873-8_10,Manuel AmunateguiMehdi Roopaei,2018,http://link.springer.com/chapter/10.1007/978-1-4842-3873-8_10,Chapter
A/B Testing on PythonAnywhere and MySQL,Monetizing Machine Learning,,,,10.1007/978-1-4842-3873-8_14,Manuel AmunateguiMehdi Roopaei,2018,http://link.springer.com/chapter/10.1007/978-1-4842-3873-8_14,Chapter
Case Study Part 4: Building a Subscription Paywall with Memberful,Monetizing Machine Learning,,,,10.1007/978-1-4842-3873-8_16,Manuel AmunateguiMehdi Roopaei,2018,http://link.springer.com/chapter/10.1007/978-1-4842-3873-8_16,Chapter
Client-Side Intelligence Using Regression Coefficients on Azure,Monetizing Machine Learning,,,,10.1007/978-1-4842-3873-8_2,Manuel AmunateguiMehdi Roopaei,2018,http://link.springer.com/chapter/10.1007/978-1-4842-3873-8_2,Chapter
Pretrained Intelligence with Gradient Boosting Machine on AWS,Monetizing Machine Learning,,,,10.1007/978-1-4842-3873-8_4,Manuel AmunateguiMehdi Roopaei,2018,http://link.springer.com/chapter/10.1007/978-1-4842-3873-8_4,Chapter
Interactive Drawing Canvas and Digit Predictions Using TensorFlow on GCP,Monetizing Machine Learning,,,,10.1007/978-1-4842-3873-8_8,Manuel AmunateguiMehdi Roopaei,2018,http://link.springer.com/chapter/10.1007/978-1-4842-3873-8_8,Chapter
Simplifying Complex Concepts with NLP and Visualization on Azure,Monetizing Machine Learning,,,,10.1007/978-1-4842-3873-8_11,Manuel AmunateguiMehdi Roopaei,2018,http://link.springer.com/chapter/10.1007/978-1-4842-3873-8_11,Chapter
From Visitor to Subscriber,Monetizing Machine Learning,,,,10.1007/978-1-4842-3873-8_15,Manuel AmunateguiMehdi Roopaei,2018,http://link.springer.com/chapter/10.1007/978-1-4842-3873-8_15,Chapter
Cloud-based SQL Solutions for Big Data,Encyclopedia of Big Data Technologies,,,,10.1007/978-3-319-63962-8_318-1,Marcin Zukowski,2018,http://link.springer.com/referenceworkentry/10.1007/978-3-319-63962-8_318-1,ReferenceWorkEntry
Towards a Taxonomy of Microservices Architectures,Software Engineering and Formal Methods,,,,10.1007/978-3-319-74781-1_15,Martin Garriga,2018,http://link.springer.com/chapter/10.1007/978-3-319-74781-1_15,Chapter
Microsoft AI Platform,Deep Learning with Azure,,,,10.1007/978-1-4842-3679-6_4,Mathew SalvarisDanielle DeanWee Hyong Tok,2018,http://link.springer.com/chapter/10.1007/978-1-4842-3679-6_4,Chapter
Furnace: Self-service Tenant VMI for the Cloud,"Research in Attacks, Intrusions, and Defenses",,,,10.1007/978-3-030-00470-5_30,Micah BushouseDouglas Reeves,2018,http://link.springer.com/chapter/10.1007/978-3-030-00470-5_30,Chapter
Proxy,Securing the Perimeter,,,,10.1007/978-1-4842-2601-8_6,Michael SchwartzMaciej Machulak,2018,http://link.springer.com/chapter/10.1007/978-1-4842-2601-8_6,Chapter
SEF-SCC: Software Engineering Framework for Service and Cloud Computing,Fog Computing,,,,10.1007/978-3-319-94890-4_11,Muthu Ramachandran,2018,http://link.springer.com/chapter/10.1007/978-3-319-94890-4_11,Chapter
Arabic NooJ Parser: Nominal Sentence Case,Formalizing Natural Languages with NooJ and Its Natural Language Processing Applications,,,,10.1007/978-3-319-73420-0_6,Nadia Ghezaiel HammoudaKais Haddar,2018,http://link.springer.com/chapter/10.1007/978-3-319-73420-0_6,Chapter
A Reputation Model for Third-Party Service Providers in Fog as a Service,Algorithms and Architectures for Parallel Processing,,,,10.1007/978-3-030-05063-4_45,Nanxi ChenXiaobo XuXuzhi Miao,2018,http://link.springer.com/chapter/10.1007/978-3-030-05063-4_45,Chapter
Specifying Software Services for Fog Computing Architectures Using Recursive Model Transformations,Fog Computing,,,,10.1007/978-3-319-94890-4_8,Nuno SantosHelena RodriguesJaime PereiraFrancisco MoraisRaquel MartinsNuno FerreiraRicardo AbreuRicardo J. Machado,2018,http://link.springer.com/chapter/10.1007/978-3-319-94890-4_8,Chapter
Adaptive Resource Provisioning and Auto-scaling for Cloud Native Software,Information and Software Technologies,,,,10.1007/978-3-319-99972-2_9,Olesia PozdniakovaDalius MažeikaAurimas Cholomskis,2018,http://link.springer.com/chapter/10.1007/978-3-319-99972-2_9,Chapter
Frontend Development,Software Development From A to Z,,,,10.1007/978-1-4842-3945-2_6,Olga FilipovaRui Vilão,2018,http://link.springer.com/chapter/10.1007/978-1-4842-3945-2_6,Chapter
"$$\textit{i2kit}$$
                  
                    
                      
                        i
                        2
                        kit
                      
                    
                  
                : A Deployment Tool with the Simplicity of Containers and the Security of Virtual Machines",Web Information Systems Engineering – WISE 2018,,,,10.1007/978-3-030-02922-7_6,Pablo Chico de GuzmánFelipe GorostiagaCésar Sánchez,2018,http://link.springer.com/chapter/10.1007/978-3-030-02922-7_6,Chapter
A Microservice Infrastructure for Distributed Communities of Practice,Lifelong Technology-Enhanced Learning,,,,10.1007/978-3-319-98572-5_14,Peter de LangeBernhard GöschlbergerTracie FarrellRalf Klamma,2018,http://link.springer.com/chapter/10.1007/978-3-319-98572-5_14,Chapter
Introduction to GCP,Pro DevOps with Google Cloud Platform,,,,10.1007/978-1-4842-3897-4_2,Pierluigi Riti,2018,http://link.springer.com/chapter/10.1007/978-1-4842-3897-4_2,Chapter
Scheduling Business Process Activities for Time-Aware Cloud Resource Allocation,On the Move to Meaningful Internet Systems. OTM 2018 Conferences,,,,10.1007/978-3-030-02610-3_25,Rania Ben HalimaSlim KallelWalid GaaloulMohamed Jmaiel,2018,http://link.springer.com/chapter/10.1007/978-3-030-02610-3_25,Chapter
Microsoft Flow,Dynamics 365 CE Essentials,,,,10.1007/978-1-4842-3973-5_11,Sarah Critchley,2018,http://link.springer.com/chapter/10.1007/978-1-4842-3973-5_11,Chapter
API Implementation Details,API Development,,,,10.1007/978-1-4842-4140-0_6,Sascha Preibisch,2018,http://link.springer.com/chapter/10.1007/978-1-4842-4140-0_6,Chapter
Orchestration Tools for Big Data,Encyclopedia of Big Data Technologies,,,,10.1007/978-3-319-63962-8_43-1,Saurabh GargSiqi WangRajiv Ranjan,2018,http://link.springer.com/referenceworkentry/10.1007/978-3-319-63962-8_43-1,ReferenceWorkEntry
On Edge Cloud Architecture and Joint Physical Virtual Resource Orchestration for SDN/NFV,Artificial Intelligence Applications and Innovations,,,,10.1007/978-3-319-92016-0_3,Shah Nawaz KhanRoberto Riggio,2018,http://link.springer.com/chapter/10.1007/978-3-319-92016-0_3,Chapter
Mastering the Cloud,Enterprise DevOps Framework,,,,10.1007/978-1-4842-3612-3_6,Shamayel M. Farooqui,2018,http://link.springer.com/chapter/10.1007/978-1-4842-3612-3_6,Chapter
Accelerating Towards DevOps,Enterprise DevOps Framework,,,,10.1007/978-1-4842-3612-3_9,Shamayel M. Farooqui,2018,http://link.springer.com/chapter/10.1007/978-1-4842-3612-3_9,Chapter
Conversations as Platforms,Developing Bots with Microsoft Bots Framework,,,,10.1007/978-1-4842-3312-2_1,Srikanth MachirajuRitesh Modi,2018,http://link.springer.com/chapter/10.1007/978-1-4842-3312-2_1,Chapter
"Towards Deviceless Edge Computing: Challenges, Design Aspects, and Models for Serverless Paradigm at the Edge",The Essence of Software Engineering,,,,10.1007/978-3-319-73897-0_8,Stefan NasticSchahram Dustdar,2018,http://link.springer.com/chapter/10.1007/978-3-319-73897-0_8,Chapter
"Continuous, Trustless, and Fair: Changing Priorities in Services Computing",Advances in Service-Oriented and Cloud Computing,,,,10.1007/978-3-319-72125-5_16,Stefan Tai,2018,http://link.springer.com/chapter/10.1007/978-3-319-72125-5_16,Chapter
Hide and Seek: Knowledge Search in Biomimicry,Biomimetic and Biohybrid Systems,,,,10.1007/978-3-319-95972-6_50,Sun-Joong Kim,2018,http://link.springer.com/chapter/10.1007/978-3-319-95972-6_50,Chapter
Applying Our Learnings: Alexa Skills Kit,Practical Bot Development,,,,10.1007/978-1-4842-3540-9_14,Szymon Rozga,2018,http://link.springer.com/chapter/10.1007/978-1-4842-3540-9_14,Chapter
Introducing the Microsoft Bot Framework,Practical Bot Development,,,,10.1007/978-1-4842-3540-9_5,Szymon Rozga,2018,http://link.springer.com/chapter/10.1007/978-1-4842-3540-9_5,Chapter
Serverless APIs,Practical API Architecture and Development with Azure and AWS,,,,10.1007/978-1-4842-3555-3_6,Thurupathan Vijayakumar,2018,http://link.springer.com/chapter/10.1007/978-1-4842-3555-3_6,Chapter
API Security,Practical API Architecture and Development with Azure and AWS,,,,10.1007/978-1-4842-3555-3_5,Thurupathan Vijayakumar,2018,http://link.springer.com/chapter/10.1007/978-1-4842-3555-3_5,Chapter
Practical Introduction to APIs,Practical API Architecture and Development with Azure and AWS,,,,10.1007/978-1-4842-3555-3_1,Thurupathan Vijayakumar,2018,http://link.springer.com/chapter/10.1007/978-1-4842-3555-3_1,Chapter
Using a Microbenchmark to Compare Function as a Service Solutions,Service-Oriented and Cloud Computing,,,,10.1007/978-3-319-99819-0_11,Timon BackVasilios Andrikopoulos,2018,http://link.springer.com/chapter/10.1007/978-3-319-99819-0_11,Chapter
Implementation of a DevOps Pipeline for Serverless Applications,Product-Focused Software Process Improvement,,,,10.1007/978-3-030-03673-7_4,Vitalii IvanovKari Smolander,2018,http://link.springer.com/chapter/10.1007/978-3-030-03673-7_4,Chapter
Se-Lambda: Securing Privacy-Sensitive Serverless Applications Using SGX Enclave,Security and Privacy in Communication Networks,,,,10.1007/978-3-030-01701-9_25,Weizhong QiangZezhao DongHai Jin,2018,http://link.springer.com/chapter/10.1007/978-3-030-01701-9_25,Chapter
An ontology-based collaborative business service selection: contributing to automatic building of collaborative business process,Service Oriented Computing and Applications,,12,1,10.1007/s11761-018-0229-1,Wenxin MuFrederick BenabenHerve Pingaud,2018,http://link.springer.com/article/10.1007/s11761-018-0229-1,Article
Elm Architecture and Building Blocks,Web Applications with Elm,,,,10.1007/978-1-4842-2610-0_5,Wolfgang Loder,2018,http://link.springer.com/chapter/10.1007/978-1-4842-2610-0_5,Chapter
Introduction,Privacy-Enhancing Fog Computing and Its Applications,,,,10.1007/978-3-030-02113-9_1,Xiaodong LinJianbing NiXuemin (Sherman) Shen,2018,http://link.springer.com/chapter/10.1007/978-3-030-02113-9_1,Chapter
"Fog Computing: Concepts, Principles and Related Paradigms",Fog Computing,,,,10.1007/978-3-319-94890-4_1,Zaigham MahmoodMuthu Ramachandran,2018,http://link.springer.com/chapter/10.1007/978-3-319-94890-4_1,Chapter
Transient fault aware application partitioning computational offloading algorithm in microservices based mobile cloudlet networks,Computing,,,,10.1007/s00607-019-00733-4,Abdullah LakhanXiaoping Li,2019,http://link.springer.com/article/10.1007/s00607-019-00733-4,Article
Cloud-Based High Throughput Virtual Screening in Novel Drug Discovery,High-Performance Modelling and Simulation for Big Data Applications,,,,10.1007/978-3-030-16272-6_9,Abdurrahman OlğaçAslı TüreSimla OlğaçSteffen Möller,2019,http://link.springer.com/chapter/10.1007/978-3-030-16272-6_9,Chapter
AI Use Cases in the Industry,Cognitive Computing Recipes,,,,10.1007/978-1-4842-4106-6_8,Adnan MasoodAdnan Hashmi,2019,http://link.springer.com/chapter/10.1007/978-1-4842-4106-6_8,Chapter
Knowledge Management & Intelligent Search,Cognitive Computing Recipes,,,,10.1007/978-1-4842-4106-6_6,Adnan MasoodAdnan Hashmi,2019,http://link.springer.com/chapter/10.1007/978-1-4842-4106-6_6,Chapter
Countering the IoT-Powered Volumetric Cyberattacks with Next-Generation Cyber-Firewall: SeddulbahirSeddulbahir \b,"Security, Privacy and Trust in the IoT Environment",,,,10.1007/978-3-030-18075-1_5,Arif Sari,2019,http://link.springer.com/chapter/10.1007/978-3-030-18075-1_5,Chapter
Faculty Development for FLOSS Education,Open Source Systems,,,,10.1007/978-3-030-20883-7_15,Becka MorganGregory W. HislopHeidi J. C. Ellis,2019,http://link.springer.com/chapter/10.1007/978-3-030-20883-7_15,Chapter
The 12th Advanced Summer School on Service-Oriented Computing,SICS Software-Intensive Cyber-Physical Systems,,34,3-Feb,10.1007/s00450-019-00405-w,Bernhard Mitschang,2019,http://link.springer.com/article/10.1007/s00450-019-00405-w,Article
Pervasive computing middleware: current trends and emerging challenges,CCF Transactions on Pervasive Computing and Interaction,,1,1,10.1007/s42486-019-00005-2,Christian BeckerChristine JulienPhilippe LalandaFranco Zambonelli,2019,http://link.springer.com/article/10.1007/s42486-019-00005-2,Article
Software microbenchmarking in the cloud. How bad is it really?,Empirical Software Engineering,,,,10.1007/s10664-019-09681-1,Christoph LaaberJoel ScheunerPhilipp Leitner,2019,http://link.springer.com/article/10.1007/s10664-019-09681-1,Article
Using Code Generation to Enforce Uniformity in Software Delivery Pipelines,Software Engineering Aspects of Continuous Development and New Paradigms of Software Production and Deployment,,,,10.1007/978-3-030-06019-0_12,Christopher Jones,2019,http://link.springer.com/chapter/10.1007/978-3-030-06019-0_12,Chapter
A SwarmESB Based Architecture for an European Healthcare Insurance System in Compliance with GDPR,"Parallel and Distributed Computing, Applications and Technologies",,,,10.1007/978-981-13-5907-1_27,Cristina Georgiana CalanceaLenuţa AlboaieAndrei Panu,2019,http://link.springer.com/chapter/10.1007/978-981-13-5907-1_27,Chapter
TOSCA-based Intent modelling: goal-modelling for infrastructure-as-code,SICS Software-Intensive Cyber-Physical Systems,,34,3-Feb,10.1007/s00450-019-00404-x,Damian A. TamburriWillem-Jan Van den HeuvelChris LauwersPaul LiptonDerek PalmaMatt Rutkowski,2019,http://link.springer.com/article/10.1007/s00450-019-00404-x,Article
Data Access with SQLite and Data Binding,Building Xamarin.Forms Mobile Apps Using XAML,,,,10.1007/978-1-4842-4030-4_9,Dan HermesNima Mazloumi,2019,http://link.springer.com/chapter/10.1007/978-1-4842-4030-4_9,Chapter
Real-Time Data and UI Integrations,Developing Data Migrations and Integrations with Salesforce,,,,10.1007/978-1-4842-4209-4_11,David Masri,2019,http://link.springer.com/chapter/10.1007/978-1-4842-4209-4_11,Chapter
Machine Learning and Deep Learning frameworks and libraries for large-scale data mining: a survey,Artificial Intelligence Review,,52,1,10.1007/s10462-018-09679-z,Giang NguyenStefan DlugolinskyMartin BobákViet TranÁlvaro López GarcíaIgnacio HerediaPeter MalíkLadislav Hluchý,2019,http://link.springer.com/article/10.1007/s10462-018-09679-z,Article
Enhancing dependability through profiling in the collaborative internet of things,Multimedia Tools and Applications,,78,3,10.1007/s11042-017-5431-1,Imad BelkacemSafia Nait-BahloulDamien Sauveron,2019,http://link.springer.com/article/10.1007/s11042-017-5431-1,Article
A Scalable Platform for Monitoring Data Intensive Applications,Journal of Grid Computing,,,,10.1007/s10723-019-09483-1,Ioan DrăganGabriel IuhaszDana Petcu,2019,http://link.springer.com/article/10.1007/s10723-019-09483-1,Article
Blockchain and Smart-Contracts Modeled in a SwarmESB Ecosystem,"Parallel and Distributed Computing, Applications and Technologies",,,,10.1007/978-981-13-5907-1_45,Ioana StănescuLenuţa AlboaieAndrei Panu,2019,http://link.springer.com/chapter/10.1007/978-981-13-5907-1_45,Chapter
Novel Approaches to Handle Disruptions in Business Ecosystems,Technological Innovation for Industry and Service Systems,,,,10.1007/978-3-030-17771-3_4,Javaneh RamezaniLuis M. Camarinha-Matos,2019,http://link.springer.com/chapter/10.1007/978-3-030-17771-3_4,Chapter
Troubleshooting Serverless functions: a combined monitoring and debugging approach,SICS Software-Intensive Cyber-Physical Systems,,34,3-Feb,10.1007/s00450-019-00398-6,Johannes MannerStefan KolbGuido Wirtz,2019,http://link.springer.com/article/10.1007/s00450-019-00398-6,Article
Using architectural modifiability tactics to examine evolution qualities of Service- and Microservice-Based Systems,SICS Software-Intensive Cyber-Physical Systems,,34,3-Feb,10.1007/s00450-019-00402-z,Justus BognerStefan WagnerAlfred Zimmermann,2019,http://link.springer.com/article/10.1007/s00450-019-00402-z,Article
Distributed Filesystem Forensics: Ceph as a Case Study,Handbook of Big Data and IoT Security,,,,10.1007/978-3-030-10543-3_6,Krzysztof NagrabskiMichael HopkinsMilda PetraityteAli DehghantanhaReza M. PariziGregory EpiphaniouMohammad Hammoudeh,2019,http://link.springer.com/chapter/10.1007/978-3-030-10543-3_6,Chapter
Deploying to Firebase as the Back End,Progressive Web Apps with Angular,,,,10.1007/978-1-4842-4448-7_2,Majid Hajian,2019,http://link.springer.com/chapter/10.1007/978-1-4842-4448-7_2,Chapter
The fragility of decentralised trustless socio-technical systems,EPJ Data Science,,8,1,10.1140/epjds/s13688-018-0180-6,Manlio De DomenicoAndrea Baronchelli,2019,http://link.springer.com/article/10.1140/epjds/s13688-018-0180-6,Article
Cloud-Based SQL Solutions for Big Data,Encyclopedia of Big Data Technologies,,,,10.1007/978-3-319-77525-8_318,Marcin Zukowski,2019,http://link.springer.com/referenceworkentry/10.1007/978-3-319-77525-8_318,ReferenceWorkEntry
"No More, No Less",Coordination Models and Languages,,,,10.1007/978-3-030-22397-7_9,Maurizio GabbrielliSaverio GiallorenzoIvan LaneseFabrizio MontesiMarco PeressottiStefano Pio Zingaro,2019,http://link.springer.com/chapter/10.1007/978-3-030-22397-7_9,Chapter
Amazon Web Services,DevOps in Python,,,,10.1007/978-1-4842-4433-3_13,Moshe Zadka,2019,http://link.springer.com/chapter/10.1007/978-1-4842-4433-3_13,Chapter
Patterns for Light-Weight Fault Tolerance and Decoupled Design in Distributed Control Systems,Transactions on Pattern Languages of Programming IV,,,,10.1007/978-3-030-14291-9_1,Pekka AlhoJari Rauhamäki,2019,http://link.springer.com/chapter/10.1007/978-3-030-14291-9_1,Chapter
A New Era of Serverless Computing,Integrating Serverless Architecture,,,,10.1007/978-1-4842-4489-0_1,Rami Vemula,2019,http://link.springer.com/chapter/10.1007/978-1-4842-4489-0_1,Chapter
Getting Started with Azure Functions,Integrating Serverless Architecture,,,,10.1007/978-1-4842-4489-0_2,Rami Vemula,2019,http://link.springer.com/chapter/10.1007/978-1-4842-4489-0_2,Chapter
Integrating Serverless Architecture,,,,,10.1007/978-1-4842-4489-0,Rami Vemula,2019,http://link.springer.com/book/10.1007/978-1-4842-4489-0,Book
Setting Up a Continuous Integration and Continuous Delivery Pipeline for Azure Functions,Integrating Serverless Architecture,,,,10.1007/978-1-4842-4489-0_9,Rami Vemula,2019,http://link.springer.com/chapter/10.1007/978-1-4842-4489-0_9,Chapter
Designing the Tweet Scheduler Function with Service Bus Integration,Integrating Serverless Architecture,,,,10.1007/978-1-4842-4489-0_4,Rami Vemula,2019,http://link.springer.com/chapter/10.1007/978-1-4842-4489-0_4,Chapter
Managing App Settings and Implementing Authentication in Azure Functions,Integrating Serverless Architecture,,,,10.1007/978-1-4842-4489-0_8,Rami Vemula,2019,http://link.springer.com/chapter/10.1007/978-1-4842-4489-0_8,Chapter
Handling Secrets and Exceptions in Azure Functions,Integrating Serverless Architecture,,,,10.1007/978-1-4842-4489-0_5,Rami Vemula,2019,http://link.springer.com/chapter/10.1007/978-1-4842-4489-0_5,Chapter
Getting Started with Azure SignalR Service,Integrating Serverless Architecture,,,,10.1007/978-1-4842-4489-0_7,Rami Vemula,2019,http://link.springer.com/chapter/10.1007/978-1-4842-4489-0_7,Chapter
Designing and Developing the Twitter Bot Web Application,Integrating Serverless Architecture,,,,10.1007/978-1-4842-4489-0_6,Rami Vemula,2019,http://link.springer.com/chapter/10.1007/978-1-4842-4489-0_6,Chapter
Exploring Azure Cosmos DB and Its Change Feed Mechanism,Integrating Serverless Architecture,,,,10.1007/978-1-4842-4489-0_3,Rami Vemula,2019,http://link.springer.com/chapter/10.1007/978-1-4842-4489-0_3,Chapter
A Multi-device Cloud-Based Personal Event Management System,"Green, Pervasive, and Cloud Computing",,,,10.1007/978-3-030-19223-5_14,Rita FranceseMichele RisiGenoveffa Tortora,2019,http://link.springer.com/chapter/10.1007/978-3-030-19223-5_14,Chapter
Durable Functions,Advanced Scenarios in Azure Functions,,,,10.1007/978-1-4842-4408-1_4,Sahil Malik,2019,http://link.springer.com/video/segment/10.1007/978-1-4842-4408-1_4,Video/Segment
Implications of Data Density and Length of Collection Period for Population Estimations Using Social Media Data,"Geographical Information Systems Theory, Applications and Management",,,,10.1007/978-3-030-06010-7_4,Samuel Lee Toepke,2019,http://link.springer.com/chapter/10.1007/978-3-030-06010-7_4,Chapter
Azure Integration,Customizing Dynamics 365,,,,10.1007/978-1-4842-4379-4_6,Sanjaya Yapa,2019,http://link.springer.com/chapter/10.1007/978-1-4842-4379-4_6,Chapter
Orchestration Tools for Big Data,Encyclopedia of Big Data Technologies,,,,10.1007/978-3-319-77525-8_43,Saurabh GargSiqi WangRajiv Ranjan,2019,http://link.springer.com/referenceworkentry/10.1007/978-3-319-77525-8_43,ReferenceWorkEntry
MioStream: a peer-to-peer distributed live media streaming on the edge,Multimedia Tools and Applications,,,,10.1007/s11042-018-6940-2,Servio PalaciosVictor SantosEdgardo BarsalloBharat Bhargava,2019,http://link.springer.com/article/10.1007/s11042-018-6940-2,Article
FaaStest - Machine Learning Based Cost and Performance FaaS Optimization,"Economics of Grids, Clouds, Systems, and Services",,,,10.1007/978-3-030-13342-9_15,Shay HorovitzRoei AmosOhad BaruchTomer CohenTal OyarAfik Deri,2019,http://link.springer.com/chapter/10.1007/978-3-030-13342-9_15,Chapter
Introduction to Data Analytics,Understanding Azure Data Factory,,,,10.1007/978-1-4842-4122-6_1,Sudhir RawatAbhishek Narain,2019,http://link.springer.com/chapter/10.1007/978-1-4842-4122-6_1,Chapter
Introduction to Azure Data Factory,Understanding Azure Data Factory,,,,10.1007/978-1-4842-4122-6_2,Sudhir RawatAbhishek Narain,2019,http://link.springer.com/chapter/10.1007/978-1-4842-4122-6_2,Chapter
Data Movement,Understanding Azure Data Factory,,,,10.1007/978-1-4842-4122-6_3,Sudhir RawatAbhishek Narain,2019,http://link.springer.com/chapter/10.1007/978-1-4842-4122-6_3,Chapter
Cloud and IoT-based emerging services systems,Cluster Computing,,22,1,10.1007/s10586-018-2821-8,Sugam SharmaVictor ChangU. Sunday TimJohnny WongShashi Gadia,2019,http://link.springer.com/article/10.1007/s10586-018-2821-8,Article
Introducing the Cloud Computing Platform,Hardening Azure Applications,,,,10.1007/978-1-4842-4188-2_1,Suren MachirajuSuraj Gaurav,2019,http://link.springer.com/chapter/10.1007/978-1-4842-4188-2_1,Chapter
SmartVM: a SLA-aware microservice deployment framework,World Wide Web,,22,1,10.1007/s11280-018-0562-5,Tianlei ZhengXi ZhengYuqun ZhangYao DengErXi DongRui ZhangXiao Liu,2019,http://link.springer.com/article/10.1007/s11280-018-0562-5,Article
Looking for Group: Live Streaming Programming for Small Audiences,Information in Contemporary Society,,,,10.1007/978-3-030-15742-5_10,Travis FaasLynn DombrowskiErin BradyAndrew Miller,2019,http://link.springer.com/chapter/10.1007/978-3-030-15742-5_10,Chapter
Parameter Selection for Regularized Electron Tomography Without a Reference Image,Image Analysis,,,,10.1007/978-3-030-20205-7_37,Yan GuoBernd Rieger,2019,http://link.springer.com/chapter/10.1007/978-3-030-20205-7_37,Chapter
